INSERT INTO users (user_id, username, first_name, last_name, email, password, date_of_birth)
VALUES
(1, 'jackson', 'Jackson', 'Miller', 'jacksons@gmail.com', 'pass123', '1999-03-15'),
(2, 'emily', 'Emily', 'Carter', 'emily_99@gmail.com', 'pass123', '2000-07-21'),
(3, 'ethan', 'Ethan', 'Brooks', 'ethan@gmail.com', 'pass123', '1998-11-09'),
(4, 'olivia', 'Olivia', 'Reed', 'olivia221@gmail.com', 'pass123', '2001-05-12'),
(5, 'logan', 'Logan', 'Hayes', 'logan555@gmail.com', 'pass123', '2000-01-30'),
(6, 'carlos', 'Carlos', 'Ramirez', 'carlos216@gmail.com', 'pass123', '1999-09-18'),
(7, 'sofia', 'Sofia', 'Martinez', 'sofia8048@gmail.com', 'pass123', '2001-04-27'),
(8, 'diego', 'Diego', 'Hernandez', 'diego_h@gmail.com', 'pass123', '1998-12-05'),
(9, 'valeria', 'Valeria', 'Lopez', 'valeria_lopez@gmail.com', 'pass123', '2000-08-14'),
(10, 'mateo', 'Mateo', 'Gonzalez', 'mateoeG@gmail.com', 'pass123', '2002-02-22');

INSERT INTO genres(genre_id,genre_name)VALUES(1,'Industrial Rock');
INSERT INTO genres(genre_id,genre_name)VALUES(2,'Hip-Hop');
INSERT INTO genres(genre_id,genre_name)VALUES(3,'Alternative Rock');
INSERT INTO genres(genre_id,genre_name)VALUES(4,'Folk');
INSERT INTO genres(genre_id,genre_name)VALUES(5,'Electronic');
INSERT INTO genres(genre_id,genre_name)VALUES(6,'Pop');
INSERT INTO genres(genre_id,genre_name)VALUES(7,'Reggae');
INSERT INTO genres(genre_id,genre_name)VALUES(8,'Alternative R&B');
INSERT INTO genres(genre_id,genre_name)VALUES(9,'Pop Rock');
INSERT INTO genres(genre_id,genre_name)VALUES(10,'Indie Pop');
INSERT INTO genres(genre_id,genre_name)VALUES(11,'Soundtrack');
INSERT INTO genres(genre_id,genre_name)VALUES(12,'Folk Rock');
INSERT INTO genres(genre_id,genre_name)VALUES(13,'R&B');
INSERT INTO genres(genre_id,genre_name)VALUES(14,'Alternative');
INSERT INTO genres(genre_id,genre_name)VALUES(15,'Latin Pop');
INSERT INTO genres(genre_id,genre_name)VALUES(16,'Heavy Metal');
INSERT INTO genres(genre_id,genre_name)VALUES(17,'Classical');
INSERT INTO genres(genre_id,genre_name)VALUES(18,'Country');
INSERT INTO genres(genre_id,genre_name)VALUES(19,'Metalcore');
INSERT INTO genres(genre_id,genre_name)VALUES(20,'Hawaiian');
INSERT INTO genres(genre_id,genre_name)VALUES(21,'Post-Hardcore');
INSERT INTO genres(genre_id,genre_name)VALUES(22,'Industrial Metal');
INSERT INTO genres(genre_id,genre_name)VALUES(23,'Alternative Pop');
INSERT INTO genres(genre_id,genre_name)VALUES(24,'Indie Folk');
INSERT INTO genres(genre_id,genre_name)VALUES(25,'Pop Punk');
INSERT INTO genres(genre_id,genre_name)VALUES(26,'Indie Rock');

INSERT INTO artists (artist_id, artist_name, country, genre_id) VALUES (59, 'Nine Inch Nails', 'United States', 1);
INSERT INTO artists (artist_id, artist_name, country, genre_id) VALUES (86, 'Meek Mill', 'United States', 2);
INSERT INTO artists (artist_id, artist_name, country, genre_id) VALUES (56, 'G-Eazy', 'United States', 2);
INSERT INTO artists (artist_id, artist_name, country, genre_id) VALUES (60, 'A Perfect Circle', 'United States', 3);
INSERT INTO artists (artist_id, artist_name, country, genre_id) VALUES (8, 'Penny and Sparrow', 'United States', 4);
INSERT INTO artists (artist_id, artist_name, country, genre_id) VALUES (105, 'Hermitude', 'Australia', 5);
INSERT INTO artists (artist_id, artist_name, country, genre_id) VALUES (111, 'Miley Cyrus', 'United States', 6);
INSERT INTO artists (artist_id, artist_name, country, genre_id) VALUES (32, 'DJ Khaled', 'United States', 2);
INSERT INTO artists (artist_id, artist_name, country, genre_id) VALUES (41, 'Anuhea', 'United States', 7);
INSERT INTO artists (artist_id, artist_name, country, genre_id) VALUES (74, 'Birdy', 'United Kingdom', 6);
INSERT INTO artists (artist_id, artist_name, country, genre_id) VALUES (9, 'Beck', 'United States', 3);
INSERT INTO artists (artist_id, artist_name, country, genre_id) VALUES (58, 'Majid Jordan', 'Canada', 8);
INSERT INTO artists (artist_id, artist_name, country, genre_id) VALUES (104, 'Kevin Gates', 'United States', 2);
INSERT INTO artists (artist_id, artist_name, country, genre_id) VALUES (3, 'OneRepublic', 'United States', 9);
INSERT INTO artists (artist_id, artist_name, country, genre_id) VALUES (25, 'Foster The People', 'United States', 10);
INSERT INTO artists (artist_id, artist_name, country, genre_id) VALUES (57, 'Roy Woods', 'Canada', 2);
INSERT INTO artists (artist_id, artist_name, country, genre_id) VALUES (31, 'Selena Gomez', 'United States', 6);
INSERT INTO artists (artist_id, artist_name, country, genre_id) VALUES (38, 'Spawnbreezie', 'New Zealand', 7);
INSERT INTO artists (artist_id, artist_name, country, genre_id) VALUES (73, 'James Bay', 'United Kingdom', 12);
INSERT INTO artists (artist_id, artist_name, country, genre_id) VALUES (34, 'Auli''i Cravalho', 'United States', 11);
INSERT INTO artists (artist_id, artist_name, country, genre_id) VALUES (71, 'LANY', 'United States', 10);
INSERT INTO artists (artist_id, artist_name, country, genre_id) VALUES (17, 'High Rule', 'United States', 5);
INSERT INTO artists (artist_id, artist_name, country, genre_id) VALUES (55, 'Bryson Tiller', 'United States', 13);
INSERT INTO artists (artist_id, artist_name, country, genre_id) VALUES (90, 'Metro Station', 'United States', 9);
INSERT INTO artists (artist_id, artist_name, country, genre_id) VALUES (65, 'The Black Eyed Peas', 'United States', 2);
INSERT INTO artists (artist_id, artist_name, country, genre_id) VALUES (68, 'A Fine Frenzy', 'United States', 14);
INSERT INTO artists (artist_id, artist_name, country, genre_id) VALUES (80, 'Shawn Mendes', 'Canada', 6);
INSERT INTO artists (artist_id, artist_name, country, genre_id) VALUES (5, 'R. City', 'United States', 2);
INSERT INTO artists (artist_id, artist_name, country, genre_id) VALUES (23, 'King Colee', 'United States', 2);
INSERT INTO artists (artist_id, artist_name, country, genre_id) VALUES (40, 'J Boog', 'United States', 7);
INSERT INTO artists (artist_id, artist_name, country, genre_id) VALUES (21, 'Passion Pit', 'United States', 10);
INSERT INTO artists (artist_id, artist_name, country, genre_id) VALUES (43, 'Mariah Carey', 'United States', 6);
INSERT INTO artists (artist_id, artist_name, country, genre_id) VALUES (84, 'Travis Scott', 'United States', 2);
INSERT INTO artists (artist_id, artist_name, country, genre_id) VALUES (70, 'Calum Scott', 'United Kingdom', 6);
INSERT INTO artists (artist_id, artist_name, country, genre_id) VALUES (94, 'Colbie Caillat', 'United States', 6);
INSERT INTO artists (artist_id, artist_name, country, genre_id) VALUES (95, 'Mako', 'United States', 5);
INSERT INTO artists (artist_id, artist_name, country, genre_id) VALUES (66, 'will.i.am', 'United States', 2);
INSERT INTO artists (artist_id, artist_name, country, genre_id) VALUES (77, 'Muse', 'United Kingdom', 3);
INSERT INTO artists (artist_id, artist_name, country, genre_id) VALUES (36, 'Cat Power', 'United States', 24);
INSERT INTO artists (artist_id, artist_name, country, genre_id) VALUES (110, 'Shakira', 'Colombia', 15);
INSERT INTO artists (artist_id, artist_name, country, genre_id) VALUES (2, 'Ed Sheeran', 'United Kingdom', 6);
INSERT INTO artists (artist_id, artist_name, country, genre_id) VALUES (22, 'Grouplove', 'United States', 26);
INSERT INTO artists (artist_id, artist_name, country, genre_id) VALUES (99, 'Deorro', 'United States', 5);
INSERT INTO artists (artist_id, artist_name, country, genre_id) VALUES (88, 'All Time Low', 'United States', 25);
INSERT INTO artists (artist_id, artist_name, country, genre_id) VALUES (112, 'Fall Out Boy', 'United States', 25);
INSERT INTO artists (artist_id, artist_name, country, genre_id) VALUES (15, 'Alesso', 'Sweden', 5);
INSERT INTO artists (artist_id, artist_name, country, genre_id) VALUES (85, 'Nicki Minaj', 'Trinidad and Tobago', 2);
INSERT INTO artists (artist_id, artist_name, country, genre_id) VALUES (18, 'Troye Sivan', 'Australia', 6);
INSERT INTO artists (artist_id, artist_name, country, genre_id) VALUES (4, 'Maroon 5', 'United States', 9);
INSERT INTO artists (artist_id, artist_name, country, genre_id) VALUES (28, 'Luis Fonsi', 'Puerto Rico', 15);
INSERT INTO artists (artist_id, artist_name, country, genre_id) VALUES (64, 'Metallica', 'United States', 16);
INSERT INTO artists (artist_id, artist_name, country, genre_id) VALUES (92, 'Ludovico Einaudi', 'Italy', 17);
INSERT INTO artists (artist_id, artist_name, country, genre_id) VALUES (7, 'Christina Perri', 'United States', 6);
INSERT INTO artists (artist_id, artist_name, country, genre_id) VALUES (97, 'Halsey', 'United States', 6);
INSERT INTO artists (artist_id, artist_name, country, genre_id) VALUES (103, 'Wes Walker', 'United States', 2);
INSERT INTO artists (artist_id, artist_name, country, genre_id) VALUES (101, 'Big Sean', 'United States', 2);
INSERT INTO artists (artist_id, artist_name, country, genre_id) VALUES (6, 'John Legend', 'United States', 13);
INSERT INTO artists (artist_id, artist_name, country, genre_id) VALUES (46, 'Alan Jackson', 'United States', 18);
INSERT INTO artists (artist_id, artist_name, country, genre_id) VALUES (50, 'Bring Me The Horizon', 'United Kingdom', 19);
INSERT INTO artists (artist_id, artist_name, country, genre_id) VALUES (83, 'Rae Sremmurd', 'United States', 2);
INSERT INTO artists (artist_id, artist_name, country, genre_id) VALUES (100, 'Clean Bandit', 'United Kingdom', 5);
INSERT INTO artists (artist_id, artist_name, country, genre_id) VALUES (37, 'Paula Fuga', 'United States', 20);
INSERT INTO artists (artist_id, artist_name, country, genre_id) VALUES (33, 'Noah Cyrus', 'United States', 6);
INSERT INTO artists (artist_id, artist_name, country, genre_id) VALUES (14, 'Flo Rida', 'United States', 2);
INSERT INTO artists (artist_id, artist_name, country, genre_id) VALUES (106, 'Cheat Codes', 'United States', 5);
INSERT INTO artists (artist_id, artist_name, country, genre_id) VALUES (44, 'Ingrid Michaelson', 'United States', 10);
INSERT INTO artists (artist_id, artist_name, country, genre_id) VALUES (107, 'Zara Larsson', 'Sweden', 6);
INSERT INTO artists (artist_id, artist_name, country, genre_id) VALUES (29, 'Lorde', 'New Zealand', 23);
INSERT INTO artists (artist_id, artist_name, country, genre_id) VALUES (87, 'Boys Like Girls', 'United States', 9);
INSERT INTO artists (artist_id, artist_name, country, genre_id) VALUES (61, 'Asking Alexandria', 'United Kingdom', 19);
INSERT INTO artists (artist_id, artist_name, country, genre_id) VALUES (35, 'Panic! At The Disco', 'United States', 9);
INSERT INTO artists (artist_id, artist_name, country, genre_id) VALUES (81, 'Fifth Harmony', 'United States', 6);
INSERT INTO artists (artist_id, artist_name, country, genre_id) VALUES (93, 'The Goo Goo Dolls', 'United States', 3);
INSERT INTO artists (artist_id, artist_name, country, genre_id) VALUES (89, 'A Rocket To The Moon', 'United States', 9);
INSERT INTO artists (artist_id, artist_name, country, genre_id) VALUES (12, 'Ellie Goulding', 'United Kingdom', 6);
INSERT INTO artists (artist_id, artist_name, country, genre_id) VALUES (52, 'Pierce The Veil', 'United States', 21);
INSERT INTO artists (artist_id, artist_name, country, genre_id) VALUES (13, 'Sia', 'Australia', 6);
INSERT INTO artists (artist_id, artist_name, country, genre_id) VALUES (62, 'Powerman 5000', 'United States', 22);
INSERT INTO artists (artist_id, artist_name, country, genre_id) VALUES (11, 'Keyshia Cole', 'United States', 13);
INSERT INTO artists (artist_id, artist_name, country, genre_id) VALUES (75, 'Barenaked Ladies', 'Canada', 3);
INSERT INTO artists (artist_id, artist_name, country, genre_id) VALUES (76, 'KONGOS', 'South Africa', 3);
INSERT INTO artists (artist_id, artist_name, country, genre_id) VALUES (26, 'Kendrick Lamar', 'United States', 2);
INSERT INTO artists (artist_id, artist_name, country, genre_id) VALUES (108, 'DJ Snake', 'France', 5);
INSERT INTO artists (artist_id, artist_name, country, genre_id) VALUES (19, 'Major Lazer', 'United States', 5);
INSERT INTO artists (artist_id, artist_name, country, genre_id) VALUES (47, 'Toby Keith', 'United States', 18);
INSERT INTO artists (artist_id, artist_name, country, genre_id) VALUES (91, 'The Weeknd', 'Canada', 13);
INSERT INTO artists (artist_id, artist_name, country, genre_id) VALUES (96, 'Bebe Rexha', 'United States', 6);
INSERT INTO artists (artist_id, artist_name, country, genre_id) VALUES (24, 'Sammy Adams', 'United States', 2);
INSERT INTO artists (artist_id, artist_name, country, genre_id) VALUES (30, 'Taylor Swift', 'United States', 6);
INSERT INTO artists (artist_id, artist_name, country, genre_id) VALUES (72, 'James Arthur', 'United Kingdom', 6);
INSERT INTO artists (artist_id, artist_name, country, genre_id) VALUES (98, 'Hailee Steinfeld', 'United States', 6);
INSERT INTO artists (artist_id, artist_name, country, genre_id) VALUES (0, 'Mike Posner', 'United States', 6);
INSERT INTO artists (artist_id, artist_name, country, genre_id) VALUES (16, 'Oh Wonder', 'United Kingdom', 23);
INSERT INTO artists (artist_id, artist_name, country, genre_id) VALUES (42, 'Common Kings', 'United States', 7);
INSERT INTO artists (artist_id, artist_name, country, genre_id) VALUES (69, 'Lauv', 'United States', 6);
INSERT INTO artists (artist_id, artist_name, country, genre_id) VALUES (20, 'Kygo', 'Norway', 5);
INSERT INTO artists (artist_id, artist_name, country, genre_id) VALUES (1, 'Bruno Mars', 'United States', 6);
INSERT INTO artists (artist_id, artist_name, country, genre_id) VALUES (79, 'Kings of Leon', 'United States', 3);
INSERT INTO artists (artist_id, artist_name, country, genre_id) VALUES (63, 'Pantera', 'United States', 16);
INSERT INTO artists (artist_id, artist_name, country, genre_id) VALUES (82, 'Jeremih', 'United States', 13);
INSERT INTO artists (artist_id, artist_name, country, genre_id) VALUES (45, 'Jimmy Buffett', 'United States', 18);
INSERT INTO artists (artist_id, artist_name, country, genre_id) VALUES (49, 'Sleeping With Sirens', 'United States', 21);
INSERT INTO artists (artist_id, artist_name, country, genre_id) VALUES (54, 'Gucci Mane', 'United States', 2);
INSERT INTO artists (artist_id, artist_name, country, genre_id) VALUES (39, 'Zee Avi', 'Malaysia', 24);
INSERT INTO artists (artist_id, artist_name, country, genre_id) VALUES (48, 'Kenny Chesney', 'United States', 18);
INSERT INTO artists (artist_id, artist_name, country, genre_id) VALUES (67, 'Michael Bublé', 'Canada', 6);
INSERT INTO artists (artist_id, artist_name, country, genre_id) VALUES (102, 'Eric Church', 'United States', 18);
INSERT INTO artists (artist_id, artist_name, country, genre_id) VALUES (113, 'Mark Ronson', 'United Kingdom', 6);
INSERT INTO artists (artist_id, artist_name, country, genre_id) VALUES (10, 'Matoma', 'Norway', 5);
INSERT INTO artists (artist_id, artist_name, country, genre_id) VALUES (78, 'Hozier', 'Ireland', 26);
INSERT INTO artists (artist_id, artist_name, country, genre_id) VALUES (51, 'A Day To Remember', 'United States', 25);
INSERT INTO artists (artist_id, artist_name, country, genre_id) VALUES (109, 'Future', 'United States', 2);
INSERT INTO artists (artist_id, artist_name, country, genre_id) VALUES (53, 'Frank Ocean', 'United States', 13);
INSERT INTO artists (artist_id, artist_name, country, genre_id) VALUES (27, 'Drake', 'Canada', 2);
-- ALBUMS --
INSERT INTO albums (album_id, artist_id, album_title, release_date, duration) VALUES (41, 33, 'Stay Together', '2017-04-14', '3.60');
INSERT INTO albums (album_id, artist_id, album_title, release_date, duration) VALUES (88, 70, 'Dancing On My Own', '2016-06-10', '3.97');
INSERT INTO albums (album_id, artist_id, album_title, release_date, duration) VALUES (50, 42, 'Summer Anthems', '2013-10-08', '19.63');
INSERT INTO albums (album_id, artist_id, album_title, release_date, duration) VALUES (135, 103, 'Jordan Belfort', '2017-05-12', '3.93');
INSERT INTO albums (album_id, artist_id, album_title, release_date, duration) VALUES (119, 91, 'Kiss Land', '2013-09-10', '55.38');
INSERT INTO albums (album_id, artist_id, album_title, release_date, duration) VALUES (123, 94, 'Breakthrough', '2009-08-25', '42.50');
INSERT INTO albums (album_id, artist_id, album_title, release_date, duration) VALUES (128, 99, 'Good Evening', '2014-06-17', '4.45');
INSERT INTO albums (album_id, artist_id, album_title, release_date, duration) VALUES (95, 75, 'Stunt', '1998-07-07', '52.42');
INSERT INTO albums (album_id, artist_id, album_title, release_date, duration) VALUES (5, 4, 'V', '2014-08-29', '40.23');
INSERT INTO albums (album_id, artist_id, album_title, release_date, duration) VALUES (98, 76, 'Lunatic', '2014-01-28', '33.58');
INSERT INTO albums (album_id, artist_id, album_title, release_date, duration) VALUES (78, 60, 'Thirteenth Step', '2003-09-16', '57.63');
INSERT INTO albums (album_id, artist_id, album_title, release_date, duration) VALUES (93, 69, 'The Other', '2015-03-31', '40.42');
INSERT INTO albums (album_id, artist_id, album_title, release_date, duration) VALUES (37, 29, 'Melodrama', '2017-06-16', '41.08');
INSERT INTO albums (album_id, artist_id, album_title, release_date, duration) VALUES (107, 27, 'If You\'re Reading This It\'s Too Late', '2015-02-13', '68.85');
INSERT INTO albums (album_id, artist_id, album_title, release_date, duration) VALUES (66, 51, 'Homesick', '2009-02-03', '40.32');
INSERT INTO albums (album_id, artist_id, album_title, release_date, duration) VALUES (45, 37, 'Misery\'s End', '2010-09-28', '21.27');
INSERT INTO albums (album_id, artist_id, album_title, release_date, duration) VALUES (58, 46, 'Playlist: The Very Best Of Alan Jackson', '2008-04-22', '59.70');
INSERT INTO albums (album_id, artist_id, album_title, release_date, duration) VALUES (2, 2, 'x', '2014-06-20', '50.62');
INSERT INTO albums (album_id, artist_id, album_title, release_date, duration) VALUES (103, 79, 'Only By The Night', '2008-09-19', '43.68');
INSERT INTO albums (album_id, artist_id, album_title, release_date, duration) VALUES (42, 34, 'Moana', '2016-11-18', '27.72');
INSERT INTO albums (album_id, artist_id, album_title, release_date, duration) VALUES (108, 83, 'SremmLife', '2015-01-06', '44.67');
INSERT INTO albums (album_id, artist_id, album_title, release_date, duration) VALUES (17, 12, 'Delirium', '2015-11-06', '55.07');
INSERT INTO albums (album_id, artist_id, album_title, release_date, duration) VALUES (35, 27, 'Nothing Was The Same', '2013-09-24', '68.57');
INSERT INTO albums (album_id, artist_id, album_title, release_date, duration) VALUES (74, 57, 'Waking at Dawn', '2016-07-01', '21.72');
INSERT INTO albums (album_id, artist_id, album_title, release_date, duration) VALUES (89, 71, 'Make Out', '2015-12-11', '42.73');
INSERT INTO albums (album_id, artist_id, album_title, release_date, duration) VALUES (29, 23, 'King Me', '2014-02-14', '43.20');
INSERT INTO albums (album_id, artist_id, album_title, release_date, duration) VALUES (100, 77, 'The 2nd Law', '2012-09-28', '53.78');
INSERT INTO albums (album_id, artist_id, album_title, release_date, duration) VALUES (125, 96, 'I Can\'t Stop Drinking About You Remix EP', '2014-10-21', '16.20');
INSERT INTO albums (album_id, artist_id, album_title, release_date, duration) VALUES (114, 88, 'Nothing Personal (Deluxe Version)', '2009-07-07', '58.20');
INSERT INTO albums (album_id, artist_id, album_title, release_date, duration) VALUES (142, 109, 'EVOL', '2016-02-06', '39.22');
INSERT INTO albums (album_id, artist_id, album_title, release_date, duration) VALUES (47, 39, 'Zee Avi', '2009-05-19', '38.93');
INSERT INTO albums (album_id, artist_id, album_title, release_date, duration) VALUES (63, 48, 'When The Sun Goes Down', '2004-02-03', '49.40');
INSERT INTO albums (album_id, artist_id, album_title, release_date, duration) VALUES (68, 49, 'With Ears To See And Eyes To Hear', '2010-03-23', '40.02');
INSERT INTO albums (album_id, artist_id, album_title, release_date, duration) VALUES (124, 95, 'The Remixes', '2015-02-10', '15.13');
INSERT INTO albums (album_id, artist_id, album_title, release_date, duration) VALUES (27, 21, 'Kindred', '2015-04-21', '39.17');
INSERT INTO albums (album_id, artist_id, album_title, release_date, duration) VALUES (33, 27, 'Relapse: Refill', '2009-12-21', '76.00');
INSERT INTO albums (album_id, artist_id, album_title, release_date, duration) VALUES (86, 68, 'One Cell In The Sea', '2007-07-17', '40.58');
INSERT INTO albums (album_id, artist_id, album_title, release_date, duration) VALUES (84, 66, '#willpower', '2013-04-19', '77.57');
INSERT INTO albums (album_id, artist_id, album_title, release_date, duration) VALUES (80, 62, 'Tonight The Stars Revolt', '1999-07-20', '43.42');
INSERT INTO albums (album_id, artist_id, album_title, release_date, duration) VALUES (120, 91, 'Trilogy', '2012-11-13', '159.60');
INSERT INTO albums (album_id, artist_id, album_title, release_date, duration) VALUES (49, 41, 'For Love', '2013-11-12', '13.42');
INSERT INTO albums (album_id, artist_id, album_title, release_date, duration) VALUES (23, 18, 'Happy Little Pill', '2014-07-25', '3.78');
INSERT INTO albums (album_id, artist_id, album_title, release_date, duration) VALUES (118, 0, '31 Minutes to Takeoff', '2010-08-10', '43.62');
INSERT INTO albums (album_id, artist_id, album_title, release_date, duration) VALUES (8, 6, 'Love In The Future', '2013-08-30', '60.12');
INSERT INTO albums (album_id, artist_id, album_title, release_date, duration) VALUES (54, 45, 'Changes In Latitudes, Changes In Attitudes', '1977-01-20', '37.82');
INSERT INTO albums (album_id, artist_id, album_title, release_date, duration) VALUES (137, 104, 'Islah', '2016-01-29', '58.30');
INSERT INTO albums (album_id, artist_id, album_title, release_date, duration) VALUES (106, 82, 'Late Nights: The Album', '2015-12-04', '49.30');
INSERT INTO albums (album_id, artist_id, album_title, release_date, duration) VALUES (62, 48, 'The Road And The Radio', '2005-11-08', '46.13');
INSERT INTO albums (album_id, artist_id, album_title, release_date, duration) VALUES (116, 89, 'Greetings From... EP', '2009-10-27', '19.10');
INSERT INTO albums (album_id, artist_id, album_title, release_date, duration) VALUES (115, 89, 'On Your Side', '2009-10-13', '41.20');
INSERT INTO albums (album_id, artist_id, album_title, release_date, duration) VALUES (65, 50, 'Sempiternal (Deluxe)', '2013-04-01', '71.08');
INSERT INTO albums (album_id, artist_id, album_title, release_date, duration) VALUES (136, 0, 'At Night, Alone.', '2016-05-06', '41.13');
INSERT INTO albums (album_id, artist_id, album_title, release_date, duration) VALUES (0, 0, 'Cooler Than Me EP', '2010-06-15', '16.83');
INSERT INTO albums (album_id, artist_id, album_title, release_date, duration) VALUES (113, 88, 'So Wrong, It\'s Right', '2007-09-25', '39.30');
INSERT INTO albums (album_id, artist_id, album_title, release_date, duration) VALUES (6, 5, 'What Dreams Are Made Of', '2015-11-20', '3.83');
INSERT INTO albums (album_id, artist_id, album_title, release_date, duration) VALUES (13, 8, 'Creature', '2013-10-08', '41.88');
INSERT INTO albums (album_id, artist_id, album_title, release_date, duration) VALUES (112, 87, 'Boys Like Girls', '2006-08-22', '37.57');
INSERT INTO albums (album_id, artist_id, album_title, release_date, duration) VALUES (30, 24, 'Boston\'s Boy', '2010-06-29', '47.87');
INSERT INTO albums (album_id, artist_id, album_title, release_date, duration) VALUES (104, 80, 'Handwritten', '2015-04-14', '39.48');
INSERT INTO albums (album_id, artist_id, album_title, release_date, duration) VALUES (97, 75, 'Gordon', '1992-07-28', '47.28');
INSERT INTO albums (album_id, artist_id, album_title, release_date, duration) VALUES (117, 90, 'Metro Station', '2007-09-18', '37.10');
INSERT INTO albums (album_id, artist_id, album_title, release_date, duration) VALUES (75, 58, 'Majid Jordan', '2016-02-05', '53.38');
INSERT INTO albums (album_id, artist_id, album_title, release_date, duration) VALUES (20, 15, 'Forever', '2015-05-22', '44.22');
INSERT INTO albums (album_id, artist_id, album_title, release_date, duration) VALUES (11, 8, 'Tenboom', '2012-11-27', '34.03');
INSERT INTO albums (album_id, artist_id, album_title, release_date, duration) VALUES (111, 86, 'Dreams Worth More Than Money', '2015-06-29', '64.92');
INSERT INTO albums (album_id, artist_id, album_title, release_date, duration) VALUES (16, 11, 'The Way It Is', '2005-06-21', '52.53');
INSERT INTO albums (album_id, artist_id, album_title, release_date, duration) VALUES (144, 111, 'Bangerz (Deluxe Version)', '2013-10-04', '50.77');
INSERT INTO albums (album_id, artist_id, album_title, release_date, duration) VALUES (121, 92, 'Divenire', '2006-09-18', '42.10');
INSERT INTO albums (album_id, artist_id, album_title, release_date, duration) VALUES (139, 106, 'Sex', '2016-03-04', '3.80');
INSERT INTO albums (album_id, artist_id, album_title, release_date, duration) VALUES (91, 73, 'Chaos And The Calm', '2015-03-23', '48.25');
INSERT INTO albums (album_id, artist_id, album_title, release_date, duration) VALUES (22, 17, 'Touch', '2015-02-11', '3.00');
INSERT INTO albums (album_id, artist_id, album_title, release_date, duration) VALUES (82, 64, 'Load', '1996-06-04', '78.98');
INSERT INTO albums (album_id, artist_id, album_title, release_date, duration) VALUES (146, 112, 'Save Rock And Roll', '2013-04-12', '41.60');
INSERT INTO albums (album_id, artist_id, album_title, release_date, duration) VALUES (52, 44, 'Be OK', '2008-08-19', '33.47');
INSERT INTO albums (album_id, artist_id, album_title, release_date, duration) VALUES (19, 14, 'MY HOUSE', '2015-04-07', '18.32');
INSERT INTO albums (album_id, artist_id, album_title, release_date, duration) VALUES (46, 38, 'Dear Billy', '2011-06-01', '61.00');
INSERT INTO albums (album_id, artist_id, album_title, release_date, duration) VALUES (130, 27, 'More Life', '2017-03-18', '81.85');
INSERT INTO albums (album_id, artist_id, album_title, release_date, duration) VALUES (40, 32, 'Grateful', '2017-06-23', '90.03');
INSERT INTO albums (album_id, artist_id, album_title, release_date, duration) VALUES (110, 85, 'The Pinkprint', '2014-12-12', '68.55');
INSERT INTO albums (album_id, artist_id, album_title, release_date, duration) VALUES (138, 105, 'Dark Night Sweet Light', '2015-05-15', '43.85');
INSERT INTO albums (album_id, artist_id, album_title, release_date, duration) VALUES (77, 59, 'Lost Highway', '2007-11-13', '48.87');
INSERT INTO albums (album_id, artist_id, album_title, release_date, duration) VALUES (38, 30, '1989', '2014-10-27', '48.68');
INSERT INTO albums (album_id, artist_id, album_title, release_date, duration) VALUES (87, 69, 'Lost in the Light', '2015-02-03', '3.40');
INSERT INTO albums (album_id, artist_id, album_title, release_date, duration) VALUES (59, 47, 'Unleashed', '2002-08-06', '44.75');
INSERT INTO albums (album_id, artist_id, album_title, release_date, duration) VALUES (14, 9, 'Morning Phase', '2014-02-21', '48.23');
INSERT INTO albums (album_id, artist_id, album_title, release_date, duration) VALUES (28, 22, 'Spreading Rumours', '2013-09-17', '43.92');
INSERT INTO albums (album_id, artist_id, album_title, release_date, duration) VALUES (57, 45, 'Take the Weather with You', '2006-10-10', '54.08');
INSERT INTO albums (album_id, artist_id, album_title, release_date, duration) VALUES (64, 49, 'If you were a movie, this would be your soundtrack', '2012-06-26', '17.55');
INSERT INTO albums (album_id, artist_id, album_title, release_date, duration) VALUES (51, 43, 'Me. I Am Mariah…The Elusive Chanteuse', '2014-05-23', '64.83');
INSERT INTO albums (album_id, artist_id, album_title, release_date, duration) VALUES (34, 27, 'Thank Me Later', '2010-06-15', '68.93');
INSERT INTO albums (album_id, artist_id, album_title, release_date, duration) VALUES (132, 54, 'The Return of East Atlanta Santa', '2016-12-16', '76.37');
INSERT INTO albums (album_id, artist_id, album_title, release_date, duration) VALUES (44, 36, 'The Covers Record', '2000-03-21', '39.28');
INSERT INTO albums (album_id, artist_id, album_title, release_date, duration) VALUES (133, 101, 'I Decided.', '2017-02-03', '49.15');
INSERT INTO albums (album_id, artist_id, album_title, release_date, duration) VALUES (90, 72, 'Back from the Edge', '2016-10-28', '40.63');
INSERT INTO albums (album_id, artist_id, album_title, release_date, duration) VALUES (70, 27, 'Take Care', '2011-11-15', '80.30');
INSERT INTO albums (album_id, artist_id, album_title, release_date, duration) VALUES (76, 50, '2004 - 2013', '2017-12-01', '213.00');
INSERT INTO albums (album_id, artist_id, album_title, release_date, duration) VALUES (7, 3, 'Native', '2013-03-22', '43.93');
INSERT INTO albums (album_id, artist_id, album_title, release_date, duration) VALUES (85, 67, 'Christmas', '2011-10-21', '42.55');
INSERT INTO albums (album_id, artist_id, album_title, release_date, duration) VALUES (134, 102, 'Chief', '2011-07-26', '41.55');
INSERT INTO albums (album_id, artist_id, album_title, release_date, duration) VALUES (73, 56, 'These Things Happen', '2014-06-23', '60.93');
INSERT INTO albums (album_id, artist_id, album_title, release_date, duration) VALUES (26, 20, 'Cloud Nine', '2016-05-13', '55.50');
INSERT INTO albums (album_id, artist_id, album_title, release_date, duration) VALUES (99, 77, 'The Resistance', '2009-09-11', '54.28');
INSERT INTO albums (album_id, artist_id, album_title, release_date, duration) VALUES (1, 1, 'Doo-Wops & Hooligans', '2010-10-04', '35.82');
INSERT INTO albums (album_id, artist_id, album_title, release_date, duration) VALUES (3, 3, 'Waking Up', '2009-11-17', '45.55');
INSERT INTO albums (album_id, artist_id, album_title, release_date, duration) VALUES (105, 81, 'Reflection', '2015-01-30', '37.52');
INSERT INTO albums (album_id, artist_id, album_title, release_date, duration) VALUES (69, 53, 'Blonde', '2016-08-20', '60.13');
INSERT INTO albums (album_id, artist_id, album_title, release_date, duration) VALUES (122, 93, 'Dizzy Up The Girl', '1998-09-22', '47.28');
INSERT INTO albums (album_id, artist_id, album_title, release_date, duration) VALUES (31, 25, 'Torches', '2011-05-23', '38.40');
INSERT INTO albums (album_id, artist_id, album_title, release_date, duration) VALUES (48, 40, 'J Boog - EP', '2011-01-01', '20.23');
INSERT INTO albums (album_id, artist_id, album_title, release_date, duration) VALUES (56, 45, 'Fruitcakes', '1994-06-21', '54.13');
INSERT INTO albums (album_id, artist_id, album_title, release_date, duration) VALUES (145, 112, 'American Beauty/American Psycho', '2015-01-16', '38.27');
INSERT INTO albums (album_id, artist_id, album_title, release_date, duration) VALUES (148, 113, 'Uptown Special', '2015-01-13', '47.50');
INSERT INTO albums (album_id, artist_id, album_title, release_date, duration) VALUES (147, 4, 'Overexposed Track By Track', '2012-06-20', '52.20');
INSERT INTO albums (album_id, artist_id, album_title, release_date, duration) VALUES (15, 10, 'Old Thing Back (feat. Ja Rule and Ralph Tresvant)', '2015-04-14', '3.78');
INSERT INTO albums (album_id, artist_id, album_title, release_date, duration) VALUES (141, 108, 'Encore', '2016-08-05', '35.62');
INSERT INTO albums (album_id, artist_id, album_title, release_date, duration) VALUES (109, 84, 'Rodeo', '2015-09-04', '75.97');
INSERT INTO albums (album_id, artist_id, album_title, release_date, duration) VALUES (24, 18, 'TRXYE', '2014-08-15', '16.18');
INSERT INTO albums (album_id, artist_id, album_title, release_date, duration) VALUES (83, 65, 'THE E.N.D. (THE ENERGY NEVER DIES)', '2009-06-03', '55.93');
INSERT INTO albums (album_id, artist_id, album_title, release_date, duration) VALUES (127, 98, 'HAIZ', '2015-11-13', '16.97');
INSERT INTO albums (album_id, artist_id, album_title, release_date, duration) VALUES (43, 35, 'Death Of A Bachelor', '2016-01-15', '36.12');
INSERT INTO albums (album_id, artist_id, album_title, release_date, duration) VALUES (140, 107, 'So Good', '2017-03-17', '47.22');
INSERT INTO albums (album_id, artist_id, album_title, release_date, duration) VALUES (21, 16, 'Oh Wonder', '2015-09-04', '41.97');
INSERT INTO albums (album_id, artist_id, album_title, release_date, duration) VALUES (131, 100, 'Rockabye (feat. Sean Paul & Anne-Marie)', '2016-10-21', '4.18');
INSERT INTO albums (album_id, artist_id, album_title, release_date, duration) VALUES (18, 13, '1000 Forms Of Fear', '2014-07-04', '38.68');
INSERT INTO albums (album_id, artist_id, album_title, release_date, duration) VALUES (60, 48, 'Life On A Rock', '2013-04-30', '47.30');
INSERT INTO albums (album_id, artist_id, album_title, release_date, duration) VALUES (81, 63, 'Vulgar Display Of Power', '1992-02-25', '46.52');
INSERT INTO albums (album_id, artist_id, album_title, release_date, duration) VALUES (102, 29, 'Yellow Flicker Beat', '2014-09-29', '3.87');
INSERT INTO albums (album_id, artist_id, album_title, release_date, duration) VALUES (10, 7, 'A Thousand Years', '2011-10-18', '4.75');
INSERT INTO albums (album_id, artist_id, album_title, release_date, duration) VALUES (4, 1, 'Unorthodox Jukebox', '2012-12-07', '34.82');
INSERT INTO albums (album_id, artist_id, album_title, release_date, duration) VALUES (67, 52, 'Collide With The Sky', '2012-07-17', '43.47');
INSERT INTO albums (album_id, artist_id, album_title, release_date, duration) VALUES (126, 97, 'Room 93: The Remixes', '2015-03-03', '16.87');
INSERT INTO albums (album_id, artist_id, album_title, release_date, duration) VALUES (101, 78, 'Hozier', '2014-09-19', '51.43');
INSERT INTO albums (album_id, artist_id, album_title, release_date, duration) VALUES (55, 45, 'Son Of A Son Of A Sailor', '1978-03-01', '39.85');
INSERT INTO albums (album_id, artist_id, album_title, release_date, duration) VALUES (36, 28, 'Despacito Feat. Justin Bieber', '2017-04-17', '3.82');
INSERT INTO albums (album_id, artist_id, album_title, release_date, duration) VALUES (79, 61, 'The Black', '2016-03-25', '39.50');
INSERT INTO albums (album_id, artist_id, album_title, release_date, duration) VALUES (92, 74, 'Birdy', '2011-11-07', '44.73');
INSERT INTO albums (album_id, artist_id, album_title, release_date, duration) VALUES (39, 31, 'Bad Liar', '2017-05-18', '3.57');
INSERT INTO albums (album_id, artist_id, album_title, release_date, duration) VALUES (12, 8, 'Struggle Pretty', '2011-06-14', '39.80');
INSERT INTO albums (album_id, artist_id, album_title, release_date, duration) VALUES (25, 19, 'Peace Is The Mission', '2015-06-01', '32.05');
INSERT INTO albums (album_id, artist_id, album_title, release_date, duration) VALUES (143, 110, 'Oral Fixation Vol. 2', '2005-11-28', '43.08');
INSERT INTO albums (album_id, artist_id, album_title, release_date, duration) VALUES (71, 54, 'The State vs. Radric Davis', '2009-12-08', '73.42');
INSERT INTO albums (album_id, artist_id, album_title, release_date, duration) VALUES (72, 55, 'Let Me Explain', '2016-05-06', '43.22');
INSERT INTO albums (album_id, artist_id, album_title, release_date, duration) VALUES (53, 44, 'Girls And Boys', '2006-01-17', '26.20');
INSERT INTO albums (album_id, artist_id, album_title, release_date, duration) VALUES (96, 75, 'Maroon', '2000-09-12', '40.45');
INSERT INTO albums (album_id, artist_id, album_title, release_date, duration) VALUES (94, 74, 'Not About Angels', '2014-06-03', '3.15');
INSERT INTO albums (album_id, artist_id, album_title, release_date, duration) VALUES (61, 48, 'Greatest Hits II', '2009-05-19', '70.57');
INSERT INTO albums (album_id, artist_id, album_title, release_date, duration) VALUES (32, 26, 'good kid, m.A.A.d city', '2012-10-22', '68.40');
INSERT INTO albums (album_id, artist_id, album_title, release_date, duration) VALUES (9, 1, 'It Will Rain', '2011-09-27', '4.28');
INSERT INTO albums (album_id, artist_id, album_title, release_date, duration) VALUES (129, 91, 'Starboy', '2016-11-25', '68.83');
-- SONGS --
INSERT INTO songs (song_id, album_id, song_title, duration) VALUES (39, 29, 'Blow Up', 5.00);
INSERT INTO songs (song_id, album_id, song_title, duration) VALUES (16, 11, 'La Reyna', 3.83);
INSERT INTO songs (song_id, album_id, song_title, duration) VALUES (38, 29, 'Home For The Holidays', 3.91);
INSERT INTO songs (song_id, album_id, song_title, duration) VALUES (30, 21, 'Technicolour Beat', 3.00);
INSERT INTO songs (song_id, album_id, song_title, duration) VALUES (164, 111, 'All Eyes On You (feat. Chris Brown & Nicki Minaj)', 3.73);
INSERT INTO songs (song_id, album_id, song_title, duration) VALUES (162, 107, '10 Bands', 2.96);
INSERT INTO songs (song_id, album_id, song_title, duration) VALUES (58, 42, 'How Far I\'ll Go', 2.72);
INSERT INTO songs (song_id, album_id, song_title, duration) VALUES (50, 37, 'Hard Feelings/Loveless', 6.12);
INSERT INTO songs (song_id, album_id, song_title, duration) VALUES (59, 43, 'Death Of A Bachelor', 3.39);
INSERT INTO songs (song_id, album_id, song_title, duration) VALUES (83, 63, 'When the Sun Goes Down', 4.84);
INSERT INTO songs (song_id, album_id, song_title, duration) VALUES (25, 16, 'Love', 4.26);
INSERT INTO songs (song_id, album_id, song_title, duration) VALUES (51, 37, 'Supercut', 4.63);
INSERT INTO songs (song_id, album_id, song_title, duration) VALUES (197, 131, 'Rockabye (feat. Sean Paul & Anne-Marie)', 4.18);
INSERT INTO songs (song_id, album_id, song_title, duration) VALUES (219, 146, 'Death Valley', 3.78);
INSERT INTO songs (song_id, album_id, song_title, duration) VALUES (143, 97, 'If I Had $1,000,000', 4.45);
INSERT INTO songs (song_id, album_id, song_title, duration) VALUES (217, 146, 'Just One Yesterday', 4.08);
INSERT INTO songs (song_id, album_id, song_title, duration) VALUES (32, 23, 'Happy Little Pill', 3.75);
INSERT INTO songs (song_id, album_id, song_title, duration) VALUES (43, 32, 'Bitch, Don\u2019t Kill My Vibe', 5.18);
INSERT INTO songs (song_id, album_id, song_title, duration) VALUES (73, 55, 'Cheeseburger In Paradise', 2.93);
INSERT INTO songs (song_id, album_id, song_title, duration) VALUES (191, 126, 'Ghost - Lost Kings Remix', 3.15);
INSERT INTO songs (song_id, album_id, song_title, duration) VALUES (209, 142, 'Low Life', 5.23);
INSERT INTO songs (song_id, album_id, song_title, duration) VALUES (166, 112, 'Hero / Heroine', 3.87);
INSERT INTO songs (song_id, album_id, song_title, duration) VALUES (195, 129, 'I Feel It Coming', 4.49);
INSERT INTO songs (song_id, album_id, song_title, duration) VALUES (54, 38, 'Out Of The Woods', 3.93);
INSERT INTO songs (song_id, album_id, song_title, duration) VALUES (188, 118, 'Please Don\'t Go', 3.28);
INSERT INTO songs (song_id, album_id, song_title, duration) VALUES (10, 9, 'It Will Rain', 4.30);
INSERT INTO songs (song_id, album_id, song_title, duration) VALUES (121, 85, 'Santa Claus Is Coming To Town', 2.85);
INSERT INTO songs (song_id, album_id, song_title, duration) VALUES (151, 103, 'Use Somebody', 3.85);
INSERT INTO songs (song_id, album_id, song_title, duration) VALUES (101, 69, 'Nikes', 5.23);
INSERT INTO songs (song_id, album_id, song_title, duration) VALUES (139, 93, 'The Other', 3.16);
INSERT INTO songs (song_id, album_id, song_title, duration) VALUES (75, 57, 'Party at the End of the World', 3.76);
INSERT INTO songs (song_id, album_id, song_title, duration) VALUES (190, 125, 'I Can\'t Stop Drinking About You - Chainsmokers Remix', 4.40);
INSERT INTO songs (song_id, album_id, song_title, duration) VALUES (194, 128, 'Bailar - Radio Edit', 2.29);
INSERT INTO songs (song_id, album_id, song_title, duration) VALUES (218, 146, 'The Mighty Fall', 3.54);
INSERT INTO songs (song_id, album_id, song_title, duration) VALUES (198, 132, 'Both (feat. Drake)', 3.17);
INSERT INTO songs (song_id, album_id, song_title, duration) VALUES (129, 85, 'Silent Night', 3.79);
INSERT INTO songs (song_id, album_id, song_title, duration) VALUES (86, 64, 'Scene Three - Stomach Tied In Knots', 3.49);
INSERT INTO songs (song_id, album_id, song_title, duration) VALUES (173, 115, 'Baby Blue Eyes', 3.67);
INSERT INTO songs (song_id, album_id, song_title, duration) VALUES (193, 127, 'Starving', 3.03);
INSERT INTO songs (song_id, album_id, song_title, duration) VALUES (85, 64, 'Scene Two - Roger Rabbit', 3.30);
INSERT INTO songs (song_id, album_id, song_title, duration) VALUES (40, 30, 'Coast 2 Coast', 3.36);
INSERT INTO songs (song_id, album_id, song_title, duration) VALUES (120, 85, 'It\'s Beginning To Look A Lot Like Christmas', 3.44);
INSERT INTO songs (song_id, album_id, song_title, duration) VALUES (7, 7, 'Counting Stars', 4.29);
INSERT INTO songs (song_id, album_id, song_title, duration) VALUES (130, 85, 'Blue Christmas', 3.70);
INSERT INTO songs (song_id, album_id, song_title, duration) VALUES (48, 36, 'Despacito - Remix', 3.81);
INSERT INTO songs (song_id, album_id, song_title, duration) VALUES (103, 35, 'From Time', 5.37);
INSERT INTO songs (song_id, album_id, song_title, duration) VALUES (134, 88, 'Dancing On My Own', 4.33);
INSERT INTO songs (song_id, album_id, song_title, duration) VALUES (158, 109, 'Antidote', 4.38);
INSERT INTO songs (song_id, album_id, song_title, duration) VALUES (183, 121, 'Fly', 4.65);
INSERT INTO songs (song_id, album_id, song_title, duration) VALUES (17, 12, 'Bread and Bleeding', 4.27);
INSERT INTO songs (song_id, album_id, song_title, duration) VALUES (18, 13, 'Creature', 3.68);
INSERT INTO songs (song_id, album_id, song_title, duration) VALUES (66, 49, 'Come Over Love', 4.10);
INSERT INTO songs (song_id, album_id, song_title, duration) VALUES (196, 130, 'Fake Love', 3.52);
INSERT INTO songs (song_id, album_id, song_title, duration) VALUES (29, 20, 'Heroes (we could be)', 3.50);
INSERT INTO songs (song_id, album_id, song_title, duration) VALUES (149, 102, 'Yellow Flicker Beat - From The Hunger Games: Mockingjay Part 1', 3.88);
INSERT INTO songs (song_id, album_id, song_title, duration) VALUES (204, 138, 'The Buzz (feat. Mataya & Young Tapz)', 3.70);
INSERT INTO songs (song_id, album_id, song_title, duration) VALUES (52, 37, 'Perfect Places', 3.70);
INSERT INTO songs (song_id, album_id, song_title, duration) VALUES (175, 115, 'Annabelle', 3.24);
INSERT INTO songs (song_id, album_id, song_title, duration) VALUES (141, 95, 'One Week', 2.83);
INSERT INTO songs (song_id, album_id, song_title, duration) VALUES (119, 84, 'Fall Down', 5.12);
INSERT INTO songs (song_id, album_id, song_title, duration) VALUES (172, 115, 'Like We Used To', 3.40);
INSERT INTO songs (song_id, album_id, song_title, duration) VALUES (215, 146, 'The Phoenix', 4.08);
INSERT INTO songs (song_id, album_id, song_title, duration) VALUES (116, 83, 'Meet Me Halfway', 4.74);
INSERT INTO songs (song_id, album_id, song_title, duration) VALUES (142, 96, 'Pinch Me', 4.75);
INSERT INTO songs (song_id, album_id, song_title, duration) VALUES (125, 85, 'Holly Jolly Christmas', 2.00);
INSERT INTO songs (song_id, album_id, song_title, duration) VALUES (71, 53, 'The Way I Am', 2.25);
INSERT INTO songs (song_id, album_id, song_title, duration) VALUES (224, 148, 'Uptown Funk', 4.49);
INSERT INTO songs (song_id, album_id, song_title, duration) VALUES (47, 35, 'Started From the Bottom', 2.90);
INSERT INTO songs (song_id, album_id, song_title, duration) VALUES (96, 69, 'Ivy', 4.15);
INSERT INTO songs (song_id, album_id, song_title, duration) VALUES (138, 92, 'Skinny Love', 3.35);
INSERT INTO songs (song_id, album_id, song_title, duration) VALUES (93, 68, 'Let Love Bleed Red', 3.71);
INSERT INTO songs (song_id, album_id, song_title, duration) VALUES (11, 10, 'A Thousand Years', 4.75);
INSERT INTO songs (song_id, album_id, song_title, duration) VALUES (167, 112, 'Thunder', 3.94);
INSERT INTO songs (song_id, album_id, song_title, duration) VALUES (8, 8, 'All of Me', 4.49);
INSERT INTO songs (song_id, album_id, song_title, duration) VALUES (76, 57, 'Everybody\'s on the Phone', 4.45);
INSERT INTO songs (song_id, album_id, song_title, duration) VALUES (56, 40, 'I\'m the One', 4.81);
INSERT INTO songs (song_id, album_id, song_title, duration) VALUES (160, 108, 'Come Get Her', 3.55);
INSERT INTO songs (song_id, album_id, song_title, duration) VALUES (135, 89, 'ILYSB - STRIPPED', 4.08);
INSERT INTO songs (song_id, album_id, song_title, duration) VALUES (168, 112, 'Five Minutes to Midnight', 3.79);
INSERT INTO songs (song_id, album_id, song_title, duration) VALUES (26, 17, 'Love Me Like You Do - From \Fifty Shades Of Grey\\', 4.21);
INSERT INTO songs (song_id, album_id, song_title, duration) VALUES (104, 72, 'Let Me Explain', 3.73);
INSERT INTO songs (song_id, album_id, song_title, duration) VALUES (109, 76, 'Sleepwalking', 3.83);
INSERT INTO songs (song_id, album_id, song_title, duration) VALUES (148, 101, 'Take Me To Church', 4.03);
INSERT INTO songs (song_id, album_id, song_title, duration) VALUES (171, 114, 'Break Your Little Heart', 2.86);
INSERT INTO songs (song_id, album_id, song_title, duration) VALUES (37, 28, 'Ways To Go', 3.59);
INSERT INTO songs (song_id, album_id, song_title, duration) VALUES (5, 5, 'Animals', 3.85);
INSERT INTO songs (song_id, album_id, song_title, duration) VALUES (3, 3, 'Secrets', 3.74);
INSERT INTO songs (song_id, album_id, song_title, duration) VALUES (223, 147, 'Payphone', 3.85);
INSERT INTO songs (song_id, album_id, song_title, duration) VALUES (77, 58, 'It\'s Five O\' Clock Somewhere', 3.84);
INSERT INTO songs (song_id, album_id, song_title, duration) VALUES (181, 119, 'Adaptation', 4.73);
INSERT INTO songs (song_id, album_id, song_title, duration) VALUES (97, 69, 'White Ferrari', 4.15);
INSERT INTO songs (song_id, album_id, song_title, duration) VALUES (178, 70, 'We\'ll Be Fine', 4.13);
INSERT INTO songs (song_id, album_id, song_title, duration) VALUES (214, 145, 'Uma Thurman', 3.53);
INSERT INTO songs (song_id, album_id, song_title, duration) VALUES (49, 37, 'Green Light', 3.91);
INSERT INTO songs (song_id, album_id, song_title, duration) VALUES (45, 33, 'Forever', 5.96);
INSERT INTO songs (song_id, album_id, song_title, duration) VALUES (117, 84, 'Good Morning', 1.74);
INSERT INTO songs (song_id, album_id, song_title, duration) VALUES (0, 0, 'Cooler Than Me', 3.80);
INSERT INTO songs (song_id, album_id, song_title, duration) VALUES (111, 78, 'The Noose', 4.89);
INSERT INTO songs (song_id, album_id, song_title, duration) VALUES (124, 85, 'All I Want For Christmas Is You', 2.86);
INSERT INTO songs (song_id, album_id, song_title, duration) VALUES (78, 59, 'Good To Go To Mexico', 2.99);
INSERT INTO songs (song_id, album_id, song_title, duration) VALUES (90, 66, 'Have Faith In Me', 3.15);
INSERT INTO songs (song_id, album_id, song_title, duration) VALUES (34, 25, 'Lean On (feat. M\u00d8 & DJ Snake)', 2.94);
INSERT INTO songs (song_id, album_id, song_title, duration) VALUES (206, 139, 'Sex', 3.81);
INSERT INTO songs (song_id, album_id, song_title, duration) VALUES (23, 14, 'Cycle', 0.66);
INSERT INTO songs (song_id, album_id, song_title, duration) VALUES (69, 1, 'Count On Me', 3.29);
INSERT INTO songs (song_id, album_id, song_title, duration) VALUES (82, 62, 'Beer In Mexico', 4.53);
INSERT INTO songs (song_id, album_id, song_title, duration) VALUES (12, 11, 'Valjean', 3.82);
INSERT INTO songs (song_id, album_id, song_title, duration) VALUES (79, 60, 'Pirate Flag', 3.75);
INSERT INTO songs (song_id, album_id, song_title, duration) VALUES (114, 81, 'A New Level', 3.96);
INSERT INTO songs (song_id, album_id, song_title, duration) VALUES (153, 104, 'Stitches', 3.45);
INSERT INTO songs (song_id, album_id, song_title, duration) VALUES (157, 108, 'No Type', 3.33);
INSERT INTO songs (song_id, album_id, song_title, duration) VALUES (115, 82, 'Until It Sleeps', 4.47);
INSERT INTO songs (song_id, album_id, song_title, duration) VALUES (112, 79, 'I Won\'t Give In', 3.83);
INSERT INTO songs (song_id, album_id, song_title, duration) VALUES (156, 107, 'Energy', 3.03);
INSERT INTO songs (song_id, album_id, song_title, duration) VALUES (207, 140, 'Never Forget You', 3.56);
INSERT INTO songs (song_id, album_id, song_title, duration) VALUES (64, 48, 'Waiting On The Rain', 3.46);
INSERT INTO songs (song_id, album_id, song_title, duration) VALUES (211, 143, 'Hips Don\'t Lie', 3.63);
INSERT INTO songs (song_id, album_id, song_title, duration) VALUES (185, 122, 'Slide', 3.53);
INSERT INTO songs (song_id, album_id, song_title, duration) VALUES (152, 103, 'Closer', 3.96);
INSERT INTO songs (song_id, album_id, song_title, duration) VALUES (6, 6, 'Locked Away', 3.79);
INSERT INTO songs (song_id, album_id, song_title, duration) VALUES (200, 134, 'Springsteen', 4.39);
INSERT INTO songs (song_id, album_id, song_title, duration) VALUES (184, 122, 'Black Balloon', 4.16);
INSERT INTO songs (song_id, album_id, song_title, duration) VALUES (140, 94, 'Not About Angels', 33.86);
INSERT INTO songs (song_id, album_id, song_title, duration) VALUES (15, 12, 'Serial Doubter', 3.40);
INSERT INTO songs (song_id, album_id, song_title, duration) VALUES (62, 46, 'Don\'t Let Go', 3.78);
INSERT INTO songs (song_id, album_id, song_title, duration) VALUES (137, 91, 'Let It Go', 4.34);
INSERT INTO songs (song_id, album_id, song_title, duration) VALUES (208, 141, 'Middle', 3.68);
INSERT INTO songs (song_id, album_id, song_title, duration) VALUES (14, 11, 'Duet (feat. Stephanie Briggs)', 3.70);
INSERT INTO songs (song_id, album_id, song_title, duration) VALUES (203, 137, '2 Phones', 4.00);
INSERT INTO songs (song_id, album_id, song_title, duration) VALUES (213, 145, 'Centuries', 3.81);
INSERT INTO songs (song_id, album_id, song_title, duration) VALUES (100, 71, 'Lemonade', 4.10);
INSERT INTO songs (song_id, album_id, song_title, duration) VALUES (216, 146, 'Where Did The Party Go', 4.05);
INSERT INTO songs (song_id, album_id, song_title, duration) VALUES (67, 50, 'Wade In Your Water', 3.07);
INSERT INTO songs (song_id, album_id, song_title, duration) VALUES (31, 22, 'Touch', 3.84);
INSERT INTO songs (song_id, album_id, song_title, duration) VALUES (9, 5, 'Sugar', 3.92);
INSERT INTO songs (song_id, album_id, song_title, duration) VALUES (33, 24, 'Touch', 3.62);
INSERT INTO songs (song_id, album_id, song_title, duration) VALUES (41, 30, 'Driving Me Crazy', 4.06);
INSERT INTO songs (song_id, album_id, song_title, duration) VALUES (222, 147, 'One More Night', 3.66);
INSERT INTO songs (song_id, album_id, song_title, duration) VALUES (126, 85, 'Santa Baby', 3.86);
INSERT INTO songs (song_id, album_id, song_title, duration) VALUES (80, 61, 'Out Last Night', 3.33);
INSERT INTO songs (song_id, album_id, song_title, duration) VALUES (87, 64, 'Scene Four - Don\'t You Ever Forget About Me', 3.41);
INSERT INTO songs (song_id, album_id, song_title, duration) VALUES (122, 85, 'Jingle Bells (feat. The Puppini Sisters)', 2.67);
INSERT INTO songs (song_id, album_id, song_title, duration) VALUES (92, 68, 'If I\'m James Dean, You\'re Audrey Hepburn', 3.65);
INSERT INTO songs (song_id, album_id, song_title, duration) VALUES (24, 15, 'Old Thing Back (feat. Ja Rule and Ralph Tresvant)', 5.36);
INSERT INTO songs (song_id, album_id, song_title, duration) VALUES (187, 118, 'Bow Chicka Wow Wow', 3.27);
INSERT INTO songs (song_id, album_id, song_title, duration) VALUES (106, 74, 'Why', 4.37);
INSERT INTO songs (song_id, album_id, song_title, duration) VALUES (44, 32, 'Backseat Freestyle', 3.54);
INSERT INTO songs (song_id, album_id, song_title, duration) VALUES (53, 38, 'Blank Space', 3.86);
INSERT INTO songs (song_id, album_id, song_title, duration) VALUES (70, 52, 'You and I', 2.47);
INSERT INTO songs (song_id, album_id, song_title, duration) VALUES (74, 56, 'Everybody\'s Got A Cousin In Miami', 7.32);
INSERT INTO songs (song_id, album_id, song_title, duration) VALUES (179, 119, 'Wanderlust', 5.11);
INSERT INTO songs (song_id, album_id, song_title, duration) VALUES (177, 118, 'Cooler Than Me - Single Mix', 3.55);
INSERT INTO songs (song_id, album_id, song_title, duration) VALUES (91, 67, 'Props & Mayhem', 3.63);
INSERT INTO songs (song_id, album_id, song_title, duration) VALUES (169, 112, 'Dance Hall Drug', 3.50);
INSERT INTO songs (song_id, album_id, song_title, duration) VALUES (161, 108, 'This Could Be Us', 3.44);
INSERT INTO songs (song_id, album_id, song_title, duration) VALUES (176, 117, 'Seventeen Forever', 2.89);
INSERT INTO songs (song_id, album_id, song_title, duration) VALUES (13, 11, 'Just and Just As', 4.95);
INSERT INTO songs (song_id, album_id, song_title, duration) VALUES (212, 144, 'We Can\'t Stop', 3.85);
INSERT INTO songs (song_id, album_id, song_title, duration) VALUES (98, 70, 'Shot For Me', 3.75);
INSERT INTO songs (song_id, album_id, song_title, duration) VALUES (35, 26, 'Stole the Show', 3.71);
INSERT INTO songs (song_id, album_id, song_title, duration) VALUES (57, 41, 'Stay Together', 3.21);
INSERT INTO songs (song_id, album_id, song_title, duration) VALUES (159, 110, 'Only', 5.20);
INSERT INTO songs (song_id, album_id, song_title, duration) VALUES (19, 11, 'Bones', 2.16);
INSERT INTO songs (song_id, album_id, song_title, duration) VALUES (60, 44, 'Sea of Love', 2.32);
INSERT INTO songs (song_id, album_id, song_title, duration) VALUES (118, 84, 'Reach For The Stars', 4.36);
INSERT INTO songs (song_id, album_id, song_title, duration) VALUES (36, 27, 'Lifted Up (1985)', 4.39);
INSERT INTO songs (song_id, album_id, song_title, duration) VALUES (4, 4, 'Treasure', 2.98);
INSERT INTO songs (song_id, album_id, song_title, duration) VALUES (154, 105, 'Them Girls Be Like', 2.71);
INSERT INTO songs (song_id, album_id, song_title, duration) VALUES (88, 64, 'Scene Five - With Ears To See and Eyes To Hear', 3.79);
INSERT INTO songs (song_id, album_id, song_title, duration) VALUES (2, 2, 'Thinking Out Loud', 4.69);
INSERT INTO songs (song_id, album_id, song_title, duration) VALUES (72, 54, 'Margaritaville', 4.18);
INSERT INTO songs (song_id, album_id, song_title, duration) VALUES (61, 45, 'Misery\'s End', 4.59);
INSERT INTO songs (song_id, album_id, song_title, duration) VALUES (220, 5, 'Maps', 3.17);
INSERT INTO songs (song_id, album_id, song_title, duration) VALUES (202, 136, 'I Took A Pill In Ibiza - Seeb Remix', 3.30);
INSERT INTO songs (song_id, album_id, song_title, duration) VALUES (127, 85, 'Have Yourself A Merry Little Christmas', 3.84);
INSERT INTO songs (song_id, album_id, song_title, duration) VALUES (65, 49, 'Simple Love Song', 3.75);
INSERT INTO songs (song_id, album_id, song_title, duration) VALUES (186, 123, 'Fallin\' For You', 3.59);
INSERT INTO songs (song_id, album_id, song_title, duration) VALUES (144, 95, 'It\'s All Been Done', 3.43);
INSERT INTO songs (song_id, album_id, song_title, duration) VALUES (22, 12, 'Honest Wage', 6.47);
INSERT INTO songs (song_id, album_id, song_title, duration) VALUES (20, 12, 'Undress', 5.28);
INSERT INTO songs (song_id, album_id, song_title, duration) VALUES (170, 113, 'Dear Maria, Count Me In', 3.05);
INSERT INTO songs (song_id, album_id, song_title, duration) VALUES (147, 100, 'Madness', 4.68);
INSERT INTO songs (song_id, album_id, song_title, duration) VALUES (145, 98, 'Come with Me Now', 3.53);
INSERT INTO songs (song_id, album_id, song_title, duration) VALUES (110, 77, 'The Perfect Drug', 5.26);
INSERT INTO songs (song_id, album_id, song_title, duration) VALUES (68, 51, '#Beautiful', 3.33);
INSERT INTO songs (song_id, album_id, song_title, duration) VALUES (150, 103, 'Sex on Fire', 3.39);
INSERT INTO songs (song_id, album_id, song_title, duration) VALUES (165, 112, 'The Great Escape', 3.44);
INSERT INTO songs (song_id, album_id, song_title, duration) VALUES (123, 85, 'White Christmas (Duet With Shania Twain)', 3.61);
INSERT INTO songs (song_id, album_id, song_title, duration) VALUES (136, 90, 'Say You Won\'t Let Go', 3.52);
INSERT INTO songs (song_id, album_id, song_title, duration) VALUES (1, 1, 'Just the Way You Are', 3.68);
INSERT INTO songs (song_id, album_id, song_title, duration) VALUES (131, 85, 'Cold December Night', 3.30);
INSERT INTO songs (song_id, album_id, song_title, duration) VALUES (189, 124, 'I Won\'t Let You Walk Away - Lost Kings Remix', 4.11);
INSERT INTO songs (song_id, album_id, song_title, duration) VALUES (174, 116, 'Dakota', 3.52);
INSERT INTO songs (song_id, album_id, song_title, duration) VALUES (99, 70, 'Under Ground Kings', 3.54);
INSERT INTO songs (song_id, album_id, song_title, duration) VALUES (128, 85, 'Christmas (Baby Please Come Home)', 3.13);
INSERT INTO songs (song_id, album_id, song_title, duration) VALUES (81, 62, 'Summertime', 3.44);
INSERT INTO songs (song_id, album_id, song_title, duration) VALUES (102, 34, 'Find Your Love', 3.48);
INSERT INTO songs (song_id, album_id, song_title, duration) VALUES (27, 18, 'Elastic Heart', 4.29);
INSERT INTO songs (song_id, album_id, song_title, duration) VALUES (180, 120, 'Twenty Eight', 4.31);
INSERT INTO songs (song_id, album_id, song_title, duration) VALUES (192, 126, 'Hurricane - Arty Remix', 3.74);
INSERT INTO songs (song_id, album_id, song_title, duration) VALUES (107, 75, 'My Love (feat. Drake)', 4.14);
INSERT INTO songs (song_id, album_id, song_title, duration) VALUES (84, 64, 'Scene One - James Dean & Audrey Hepburn', 4.27);
INSERT INTO songs (song_id, album_id, song_title, duration) VALUES (21, 12, 'Rattle', 4.66);
INSERT INTO songs (song_id, album_id, song_title, duration) VALUES (94, 68, 'The Bomb Dot Com V2.0', 3.53);
INSERT INTO songs (song_id, album_id, song_title, duration) VALUES (199, 133, 'Bounce Back', 3.71);
INSERT INTO songs (song_id, album_id, song_title, duration) VALUES (42, 31, 'Helena Beat', 4.60);
INSERT INTO songs (song_id, album_id, song_title, duration) VALUES (95, 68, 'With Ears to See, and Eyes to Hear', 3.72);
INSERT INTO songs (song_id, album_id, song_title, duration) VALUES (155, 106, 'Planez', 4.01);
INSERT INTO songs (song_id, album_id, song_title, duration) VALUES (201, 135, 'Jordan Belfort', 3.47);
INSERT INTO songs (song_id, album_id, song_title, duration) VALUES (163, 73, 'I Mean It', 3.94);
INSERT INTO songs (song_id, album_id, song_title, duration) VALUES (105, 73, 'Tumblr Girls', 4.26);
INSERT INTO songs (song_id, album_id, song_title, duration) VALUES (28, 19, 'GDFR (feat. Sage The Gemini & Lookas)', 3.17);
INSERT INTO songs (song_id, album_id, song_title, duration) VALUES (133, 87, 'Adrenaline', 3.44);
INSERT INTO songs (song_id, album_id, song_title, duration) VALUES (63, 47, 'Honey Bee', 3.11);
INSERT INTO songs (song_id, album_id, song_title, duration) VALUES (132, 86, 'Almost Lover', 4.48);
INSERT INTO songs (song_id, album_id, song_title, duration) VALUES (146, 99, 'Uprising', 5.08);
INSERT INTO songs (song_id, album_id, song_title, duration) VALUES (89, 65, 'Can You Feel My Heart', 3.80);
INSERT INTO songs (song_id, album_id, song_title, duration) VALUES (113, 80, 'When Worlds Collide', 2.97);
INSERT INTO songs (song_id, album_id, song_title, duration) VALUES (55, 39, 'Bad Liar', 3.58);
INSERT INTO songs (song_id, album_id, song_title, duration) VALUES (46, 34, 'Over', 3.89);
-- PLAYLISTS --
INSERT INTO playlists (playlist_id,user_id, playlist_name) VALUES (172006, 6, 'Beach ');
INSERT INTO playlists (playlist_id,user_id, playlist_name) VALUES (172011, 6, 'mood');
INSERT INTO playlists (playlist_id,user_id, playlist_name) VALUES (172013, 3, 'Best songs');
INSERT INTO playlists (playlist_id,user_id, playlist_name) VALUES (172016, 1, 'twerk');
INSERT INTO playlists (playlist_id,user_id, playlist_name) VALUES (172014, 4, 'White People');
INSERT INTO playlists (playlist_id,user_id, playlist_name) VALUES (172007, 3, '2014');
INSERT INTO playlists (playlist_id,user_id, playlist_name) VALUES (172012, 10, 'river');
INSERT INTO playlists (playlist_id,user_id, playlist_name) VALUES (172018, 5, 'My songs');
INSERT INTO playlists (playlist_id,user_id, playlist_name) VALUES (172009, 5, 'My Heart');
INSERT INTO playlists (playlist_id,user_id, playlist_name) VALUES (172015, 10, 'bAng');
INSERT INTO playlists (playlist_id,user_id, playlist_name) VALUES (172002, 2, 'Musica');
INSERT INTO playlists (playlist_id,user_id, playlist_name) VALUES (172000, 8, '#throwback');
INSERT INTO playlists (playlist_id,user_id, playlist_name) VALUES (172008, 1, 'chill');
INSERT INTO playlists (playlist_id,user_id, playlist_name) VALUES (172004, 10, 'Run, run, run');
INSERT INTO playlists (playlist_id,user_id, playlist_name) VALUES (172010, 8, 'Christmas');
INSERT INTO playlists (playlist_id,user_id, playlist_name) VALUES (172019, 8, 'Blue');
INSERT INTO playlists (playlist_id,user_id, playlist_name) VALUES (172003, 8, 'Gym');
INSERT INTO playlists (playlist_id,user_id, playlist_name) VALUES (172001, 7, 'muse');
INSERT INTO playlists (playlist_id,user_id, playlist_name) VALUES (172005, 4, 'Baby Playlist');
INSERT INTO playlists (playlist_id,user_id, playlist_name) VALUES (172017, 10, 'S16');
-- EXISTENCES --
INSERT INTO existence (existence_id, song_id, playlist_id) VALUES (206, 206, 172017);
INSERT INTO existence (existence_id, song_id, playlist_id) VALUES (42, 42, 172003);
INSERT INTO existence (existence_id, song_id, playlist_id) VALUES (140, 140, 172011);
INSERT INTO existence (existence_id, song_id, playlist_id) VALUES (9, 9, 172000);
INSERT INTO existence (existence_id, song_id, playlist_id) VALUES (173, 173, 172014);
INSERT INTO existence (existence_id, song_id, playlist_id) VALUES (91, 91, 172007);
INSERT INTO existence (existence_id, song_id, playlist_id) VALUES (189, 189, 172016);
INSERT INTO existence (existence_id, song_id, playlist_id) VALUES (222, 222, 172018);
INSERT INTO existence (existence_id, song_id, playlist_id) VALUES (58, 58, 172004);
INSERT INTO existence (existence_id, song_id, playlist_id) VALUES (25, 25, 172002);
INSERT INTO existence (existence_id, song_id, playlist_id) VALUES (123, 123, 172010);
INSERT INTO existence (existence_id, song_id, playlist_id) VALUES (156, 156, 172013);
INSERT INTO existence (existence_id, song_id, playlist_id) VALUES (182, 7, 172015);
INSERT INTO existence (existence_id, song_id, playlist_id) VALUES (74, 74, 172006);
INSERT INTO existence (existence_id, song_id, playlist_id) VALUES (107, 107, 172008);
INSERT INTO existence (existence_id, song_id, playlist_id) VALUES (172, 172, 172014);
INSERT INTO existence (existence_id, song_id, playlist_id) VALUES (41, 41, 172003);
INSERT INTO existence (existence_id, song_id, playlist_id) VALUES (8, 8, 172000);
INSERT INTO existence (existence_id, song_id, playlist_id) VALUES (139, 139, 172011);
INSERT INTO existence (existence_id, song_id, playlist_id) VALUES (57, 57, 172004);
INSERT INTO existence (existence_id, song_id, playlist_id) VALUES (90, 90, 172007);
INSERT INTO existence (existence_id, song_id, playlist_id) VALUES (155, 155, 172013);
INSERT INTO existence (existence_id, song_id, playlist_id) VALUES (188, 188, 172015);
INSERT INTO existence (existence_id, song_id, playlist_id) VALUES (24, 24, 172002);
INSERT INTO existence (existence_id, song_id, playlist_id) VALUES (122, 122, 172010);
INSERT INTO existence (existence_id, song_id, playlist_id) VALUES (40, 40, 172003);
INSERT INTO existence (existence_id, song_id, playlist_id) VALUES (73, 73, 172006);
INSERT INTO existence (existence_id, song_id, playlist_id) VALUES (106, 106, 172008);
INSERT INTO existence (existence_id, song_id, playlist_id) VALUES (44, 44, 172003);
INSERT INTO existence (existence_id, song_id, playlist_id) VALUES (11, 11, 172000);
INSERT INTO existence (existence_id, song_id, playlist_id) VALUES (77, 77, 172006);
INSERT INTO existence (existence_id, song_id, playlist_id) VALUES (142, 142, 172012);
INSERT INTO existence (existence_id, song_id, playlist_id) VALUES (175, 175, 172014);
INSERT INTO existence (existence_id, song_id, playlist_id) VALUES (208, 208, 172017);
INSERT INTO existence (existence_id, song_id, playlist_id) VALUES (224, 224, 172018);
INSERT INTO existence (existence_id, song_id, playlist_id) VALUES (60, 60, 172005);
INSERT INTO existence (existence_id, song_id, playlist_id) VALUES (93, 93, 172007);
INSERT INTO existence (existence_id, song_id, playlist_id) VALUES (158, 158, 172013);
INSERT INTO existence (existence_id, song_id, playlist_id) VALUES (27, 27, 172002);
INSERT INTO existence (existence_id, song_id, playlist_id) VALUES (191, 191, 172016);
INSERT INTO existence (existence_id, song_id, playlist_id) VALUES (125, 125, 172010);
INSERT INTO existence (existence_id, song_id, playlist_id) VALUES (109, 109, 172009);
INSERT INTO existence (existence_id, song_id, playlist_id) VALUES (10, 10, 172000);
INSERT INTO existence (existence_id, song_id, playlist_id) VALUES (207, 207, 172017);
INSERT INTO existence (existence_id, song_id, playlist_id) VALUES (43, 43, 172003);
INSERT INTO existence (existence_id, song_id, playlist_id) VALUES (76, 76, 172006);
INSERT INTO existence (existence_id, song_id, playlist_id) VALUES (141, 141, 172012);
INSERT INTO existence (existence_id, song_id, playlist_id) VALUES (174, 174, 172014);
INSERT INTO existence (existence_id, song_id, playlist_id) VALUES (92, 92, 172007);
INSERT INTO existence (existence_id, song_id, playlist_id) VALUES (190, 190, 172016);
INSERT INTO existence (existence_id, song_id, playlist_id) VALUES (210, 190, 172017);
INSERT INTO existence (existence_id, song_id, playlist_id) VALUES (223, 223, 172018);
INSERT INTO existence (existence_id, song_id, playlist_id) VALUES (59, 59, 172004);
INSERT INTO existence (existence_id, song_id, playlist_id) VALUES (124, 124, 172010);
INSERT INTO existence (existence_id, song_id, playlist_id) VALUES (26, 26, 172002);
INSERT INTO existence (existence_id, song_id, playlist_id) VALUES (157, 157, 172013);
INSERT INTO existence (existence_id, song_id, playlist_id) VALUES (75, 75, 172006);
INSERT INTO existence (existence_id, song_id, playlist_id) VALUES (136, 136, 172011);
INSERT INTO existence (existence_id, song_id, playlist_id) VALUES (169, 169, 172014);
INSERT INTO existence (existence_id, song_id, playlist_id) VALUES (87, 87, 172007);
INSERT INTO existence (existence_id, song_id, playlist_id) VALUES (21, 21, 172001);
INSERT INTO existence (existence_id, song_id, playlist_id) VALUES (185, 185, 172015);
INSERT INTO existence (existence_id, song_id, playlist_id) VALUES (218, 218, 172018);
INSERT INTO existence (existence_id, song_id, playlist_id) VALUES (54, 54, 172004);
INSERT INTO existence (existence_id, song_id, playlist_id) VALUES (152, 152, 172012);
INSERT INTO existence (existence_id, song_id, playlist_id) VALUES (70, 70, 172005);
INSERT INTO existence (existence_id, song_id, playlist_id) VALUES (4, 4, 172000);
INSERT INTO existence (existence_id, song_id, playlist_id) VALUES (103, 103, 172008);
INSERT INTO existence (existence_id, song_id, playlist_id) VALUES (168, 168, 172014);
INSERT INTO existence (existence_id, song_id, playlist_id) VALUES (201, 201, 172017);
INSERT INTO existence (existence_id, song_id, playlist_id) VALUES (37, 37, 172003);
INSERT INTO existence (existence_id, song_id, playlist_id) VALUES (135, 135, 172011);
INSERT INTO existence (existence_id, song_id, playlist_id) VALUES (53, 53, 172004);
INSERT INTO existence (existence_id, song_id, playlist_id) VALUES (20, 20, 172001);
INSERT INTO existence (existence_id, song_id, playlist_id) VALUES (86, 86, 172007);
INSERT INTO existence (existence_id, song_id, playlist_id) VALUES (119, 119, 172009);
INSERT INTO existence (existence_id, song_id, playlist_id) VALUES (184, 184, 172015);
INSERT INTO existence (existence_id, song_id, playlist_id) VALUES (217, 217, 172018);
INSERT INTO existence (existence_id, song_id, playlist_id) VALUES (151, 151, 172012);
INSERT INTO existence (existence_id, song_id, playlist_id) VALUES (36, 36, 172003);
INSERT INTO existence (existence_id, song_id, playlist_id) VALUES (3, 3, 172000);
INSERT INTO existence (existence_id, song_id, playlist_id) VALUES (69, 69, 172005);
INSERT INTO existence (existence_id, song_id, playlist_id) VALUES (102, 102, 172008);
INSERT INTO existence (existence_id, song_id, playlist_id) VALUES (167, 167, 172014);
INSERT INTO existence (existence_id, song_id, playlist_id) VALUES (200, 200, 172016);
INSERT INTO existence (existence_id, song_id, playlist_id) VALUES (171, 171, 172014);
INSERT INTO existence (existence_id, song_id, playlist_id) VALUES (204, 204, 172017);
INSERT INTO existence (existence_id, song_id, playlist_id) VALUES (7, 7, 172000);
INSERT INTO existence (existence_id, song_id, playlist_id) VALUES (138, 138, 172011);
INSERT INTO existence (existence_id, song_id, playlist_id) VALUES (108, 89, 172009);
INSERT INTO existence (existence_id, song_id, playlist_id) VALUES (220, 220, 172018);
INSERT INTO existence (existence_id, song_id, playlist_id) VALUES (56, 56, 172004);
INSERT INTO existence (existence_id, song_id, playlist_id) VALUES (89, 89, 172007);
INSERT INTO existence (existence_id, song_id, playlist_id) VALUES (154, 154, 172013);
INSERT INTO existence (existence_id, song_id, playlist_id) VALUES (187, 187, 172015);
INSERT INTO existence (existence_id, song_id, playlist_id) VALUES (23, 23, 172001);
INSERT INTO existence (existence_id, song_id, playlist_id) VALUES (121, 121, 172010);
INSERT INTO existence (existence_id, song_id, playlist_id) VALUES (105, 105, 172008);
INSERT INTO existence (existence_id, song_id, playlist_id) VALUES (203, 203, 172017);
INSERT INTO existence (existence_id, song_id, playlist_id) VALUES (221, 5, 172018);
INSERT INTO existence (existence_id, song_id, playlist_id) VALUES (39, 39, 172003);
INSERT INTO existence (existence_id, song_id, playlist_id) VALUES (72, 72, 172006);
INSERT INTO existence (existence_id, song_id, playlist_id) VALUES (137, 137, 172011);
INSERT INTO existence (existence_id, song_id, playlist_id) VALUES (170, 170, 172014);
INSERT INTO existence (existence_id, song_id, playlist_id) VALUES (6, 6, 172000);
INSERT INTO existence (existence_id, song_id, playlist_id) VALUES (88, 88, 172007);
INSERT INTO existence (existence_id, song_id, playlist_id) VALUES (22, 22, 172001);
INSERT INTO existence (existence_id, song_id, playlist_id) VALUES (219, 219, 172018);
INSERT INTO existence (existence_id, song_id, playlist_id) VALUES (55, 55, 172004);
INSERT INTO existence (existence_id, song_id, playlist_id) VALUES (120, 120, 172010);
INSERT INTO existence (existence_id, song_id, playlist_id) VALUES (153, 153, 172013);
INSERT INTO existence (existence_id, song_id, playlist_id) VALUES (186, 186, 172015);
INSERT INTO existence (existence_id, song_id, playlist_id) VALUES (104, 104, 172008);
INSERT INTO existence (existence_id, song_id, playlist_id) VALUES (5, 5, 172000);
INSERT INTO existence (existence_id, song_id, playlist_id) VALUES (202, 202, 172017);
INSERT INTO existence (existence_id, song_id, playlist_id) VALUES (38, 38, 172003);
INSERT INTO existence (existence_id, song_id, playlist_id) VALUES (71, 71, 172005);
INSERT INTO existence (existence_id, song_id, playlist_id) VALUES (83, 83, 172006);
INSERT INTO existence (existence_id, song_id, playlist_id) VALUES (116, 116, 172009);
INSERT INTO existence (existence_id, song_id, playlist_id) VALUES (181, 181, 172015);
INSERT INTO existence (existence_id, song_id, playlist_id) VALUES (214, 214, 172018);
INSERT INTO existence (existence_id, song_id, playlist_id) VALUES (50, 50, 172004);
INSERT INTO existence (existence_id, song_id, playlist_id) VALUES (17, 17, 172001);
INSERT INTO existence (existence_id, song_id, playlist_id) VALUES (148, 148, 172012);
INSERT INTO existence (existence_id, song_id, playlist_id) VALUES (66, 66, 172005);
INSERT INTO existence (existence_id, song_id, playlist_id) VALUES (99, 99, 172008);
INSERT INTO existence (existence_id, song_id, playlist_id) VALUES (197, 197, 172016);
INSERT INTO existence (existence_id, song_id, playlist_id) VALUES (33, 33, 172002);
INSERT INTO existence (existence_id, song_id, playlist_id) VALUES (131, 131, 172010);
INSERT INTO existence (existence_id, song_id, playlist_id) VALUES (0, 0, 172000);
INSERT INTO existence (existence_id, song_id, playlist_id) VALUES (164, 164, 172013);
INSERT INTO existence (existence_id, song_id, playlist_id) VALUES (49, 49, 172004);
INSERT INTO existence (existence_id, song_id, playlist_id) VALUES (82, 82, 172006);
INSERT INTO existence (existence_id, song_id, playlist_id) VALUES (115, 115, 172009);
INSERT INTO existence (existence_id, song_id, playlist_id) VALUES (180, 180, 172015);
INSERT INTO existence (existence_id, song_id, playlist_id) VALUES (213, 213, 172018);
INSERT INTO existence (existence_id, song_id, playlist_id) VALUES (16, 16, 172001);
INSERT INTO existence (existence_id, song_id, playlist_id) VALUES (147, 147, 172012);
INSERT INTO existence (existence_id, song_id, playlist_id) VALUES (65, 65, 172005);
INSERT INTO existence (existence_id, song_id, playlist_id) VALUES (98, 98, 172008);
INSERT INTO existence (existence_id, song_id, playlist_id) VALUES (163, 163, 172013);
INSERT INTO existence (existence_id, song_id, playlist_id) VALUES (196, 196, 172016);
INSERT INTO existence (existence_id, song_id, playlist_id) VALUES (32, 32, 172002);
INSERT INTO existence (existence_id, song_id, playlist_id) VALUES (130, 130, 172010);
INSERT INTO existence (existence_id, song_id, playlist_id) VALUES (134, 134, 172011);
INSERT INTO existence (existence_id, song_id, playlist_id) VALUES (118, 118, 172009);
INSERT INTO existence (existence_id, song_id, playlist_id) VALUES (19, 19, 172001);
INSERT INTO existence (existence_id, song_id, playlist_id) VALUES (216, 216, 172018);
INSERT INTO existence (existence_id, song_id, playlist_id) VALUES (52, 52, 172004);
INSERT INTO existence (existence_id, song_id, playlist_id) VALUES (85, 85, 172007);
INSERT INTO existence (existence_id, song_id, playlist_id) VALUES (150, 150, 172012);
INSERT INTO existence (existence_id, song_id, playlist_id) VALUES (183, 183, 172015);
INSERT INTO existence (existence_id, song_id, playlist_id) VALUES (101, 101, 172008);
INSERT INTO existence (existence_id, song_id, playlist_id) VALUES (2, 2, 172000);
INSERT INTO existence (existence_id, song_id, playlist_id) VALUES (68, 68, 172005);
INSERT INTO existence (existence_id, song_id, playlist_id) VALUES (133, 133, 172011);
INSERT INTO existence (existence_id, song_id, playlist_id) VALUES (166, 166, 172014);
INSERT INTO existence (existence_id, song_id, playlist_id) VALUES (35, 35, 172002);
INSERT INTO existence (existence_id, song_id, playlist_id) VALUES (199, 199, 172016);
INSERT INTO existence (existence_id, song_id, playlist_id) VALUES (84, 84, 172007);
INSERT INTO existence (existence_id, song_id, playlist_id) VALUES (117, 117, 172009);
INSERT INTO existence (existence_id, song_id, playlist_id) VALUES (215, 215, 172018);
INSERT INTO existence (existence_id, song_id, playlist_id) VALUES (51, 51, 172004);
INSERT INTO existence (existence_id, song_id, playlist_id) VALUES (149, 149, 172012);
INSERT INTO existence (existence_id, song_id, playlist_id) VALUES (18, 18, 172001);
INSERT INTO existence (existence_id, song_id, playlist_id) VALUES (100, 100, 172008);
INSERT INTO existence (existence_id, song_id, playlist_id) VALUES (198, 198, 172016);
INSERT INTO existence (existence_id, song_id, playlist_id) VALUES (67, 67, 172005);
INSERT INTO existence (existence_id, song_id, playlist_id) VALUES (132, 132, 172011);
INSERT INTO existence (existence_id, song_id, playlist_id) VALUES (34, 34, 172002);
INSERT INTO existence (existence_id, song_id, playlist_id) VALUES (1, 1, 172000);
INSERT INTO existence (existence_id, song_id, playlist_id) VALUES (165, 165, 172014);
INSERT INTO existence (existence_id, song_id, playlist_id) VALUES (79, 79, 172006);
INSERT INTO existence (existence_id, song_id, playlist_id) VALUES (13, 13, 172001);
INSERT INTO existence (existence_id, song_id, playlist_id) VALUES (112, 112, 172009);
INSERT INTO existence (existence_id, song_id, playlist_id) VALUES (177, 177, 172015);
INSERT INTO existence (existence_id, song_id, playlist_id) VALUES (46, 46, 172003);
INSERT INTO existence (existence_id, song_id, playlist_id) VALUES (144, 144, 172012);
INSERT INTO existence (existence_id, song_id, playlist_id) VALUES (62, 62, 172005);
INSERT INTO existence (existence_id, song_id, playlist_id) VALUES (29, 29, 172002);
INSERT INTO existence (existence_id, song_id, playlist_id) VALUES (95, 95, 172007);
INSERT INTO existence (existence_id, song_id, playlist_id) VALUES (193, 193, 172016);
INSERT INTO existence (existence_id, song_id, playlist_id) VALUES (205, 160, 172017);
INSERT INTO existence (existence_id, song_id, playlist_id) VALUES (127, 127, 172010);
INSERT INTO existence (existence_id, song_id, playlist_id) VALUES (160, 160, 172013);
INSERT INTO existence (existence_id, song_id, playlist_id) VALUES (12, 12, 172001);
INSERT INTO existence (existence_id, song_id, playlist_id) VALUES (78, 78, 172006);
INSERT INTO existence (existence_id, song_id, playlist_id) VALUES (111, 111, 172009);
INSERT INTO existence (existence_id, song_id, playlist_id) VALUES (176, 176, 172014);
INSERT INTO existence (existence_id, song_id, playlist_id) VALUES (209, 209, 172017);
INSERT INTO existence (existence_id, song_id, playlist_id) VALUES (45, 45, 172003);
INSERT INTO existence (existence_id, song_id, playlist_id) VALUES (143, 143, 172012);
INSERT INTO existence (existence_id, song_id, playlist_id) VALUES (28, 28, 172002);
INSERT INTO existence (existence_id, song_id, playlist_id) VALUES (61, 61, 172005);
INSERT INTO existence (existence_id, song_id, playlist_id) VALUES (94, 94, 172007);
INSERT INTO existence (existence_id, song_id, playlist_id) VALUES (159, 159, 172013);
INSERT INTO existence (existence_id, song_id, playlist_id) VALUES (192, 192, 172016);
INSERT INTO existence (existence_id, song_id, playlist_id) VALUES (126, 126, 172010);
INSERT INTO existence (existence_id, song_id, playlist_id) VALUES (110, 110, 172009);
INSERT INTO existence (existence_id, song_id, playlist_id) VALUES (114, 114, 172009);
INSERT INTO existence (existence_id, song_id, playlist_id) VALUES (48, 48, 172004);
INSERT INTO existence (existence_id, song_id, playlist_id) VALUES (81, 81, 172006);
INSERT INTO existence (existence_id, song_id, playlist_id) VALUES (146, 146, 172012);
INSERT INTO existence (existence_id, song_id, playlist_id) VALUES (179, 179, 172015);
INSERT INTO existence (existence_id, song_id, playlist_id) VALUES (212, 212, 172017);
INSERT INTO existence (existence_id, song_id, playlist_id) VALUES (15, 15, 172001);
INSERT INTO existence (existence_id, song_id, playlist_id) VALUES (97, 97, 172008);
INSERT INTO existence (existence_id, song_id, playlist_id) VALUES (31, 31, 172002);
INSERT INTO existence (existence_id, song_id, playlist_id) VALUES (64, 64, 172005);
INSERT INTO existence (existence_id, song_id, playlist_id) VALUES (162, 162, 172013);
INSERT INTO existence (existence_id, song_id, playlist_id) VALUES (195, 195, 172016);
INSERT INTO existence (existence_id, song_id, playlist_id) VALUES (129, 129, 172010);
INSERT INTO existence (existence_id, song_id, playlist_id) VALUES (113, 113, 172009);
INSERT INTO existence (existence_id, song_id, playlist_id) VALUES (14, 14, 172001);
INSERT INTO existence (existence_id, song_id, playlist_id) VALUES (211, 211, 172017);
INSERT INTO existence (existence_id, song_id, playlist_id) VALUES (47, 47, 172003);
INSERT INTO existence (existence_id, song_id, playlist_id) VALUES (80, 80, 172006);
INSERT INTO existence (existence_id, song_id, playlist_id) VALUES (145, 145, 172012);
INSERT INTO existence (existence_id, song_id, playlist_id) VALUES (178, 178, 172015);
INSERT INTO existence (existence_id, song_id, playlist_id) VALUES (96, 96, 172008);
INSERT INTO existence (existence_id, song_id, playlist_id) VALUES (30, 30, 172002);
INSERT INTO existence (existence_id, song_id, playlist_id) VALUES (194, 194, 172016);
INSERT INTO existence (existence_id, song_id, playlist_id) VALUES (63, 63, 172005);
INSERT INTO existence (existence_id, song_id, playlist_id) VALUES (128, 128, 172010);
INSERT INTO existence (existence_id, song_id, playlist_id) VALUES (161, 161, 172013);
-- ACCREDITATIONS --
INSERT INTO accredation (accredation_id, song_id, artist_id) VALUES (197, 197, 100 );
INSERT INTO accredation (accredation_id, song_id, artist_id) VALUES (2, 2, 2 );
INSERT INTO accredation (accredation_id, song_id, artist_id) VALUES (132, 132, 68 );
INSERT INTO accredation (accredation_id, song_id, artist_id) VALUES (181, 181, 91 );
INSERT INTO accredation (accredation_id, song_id, artist_id) VALUES (67, 67, 42 );
INSERT INTO accredation (accredation_id, song_id, artist_id) VALUES (51, 51, 29 );
INSERT INTO accredation (accredation_id, song_id, artist_id) VALUES (116, 116, 65 );
INSERT INTO accredation (accredation_id, song_id, artist_id) VALUES (35, 35, 20 );
INSERT INTO accredation (accredation_id, song_id, artist_id) VALUES (100, 100, 54 );
INSERT INTO accredation (accredation_id, song_id, artist_id) VALUES (165, 165, 87 );
INSERT INTO accredation (accredation_id, song_id, artist_id) VALUES (19, 19, 8 );
INSERT INTO accredation (accredation_id, song_id, artist_id) VALUES (214, 214, 112 );
INSERT INTO accredation (accredation_id, song_id, artist_id) VALUES (69, 69, 1 );
INSERT INTO accredation (accredation_id, song_id, artist_id) VALUES (84, 84, 49 );
INSERT INTO accredation (accredation_id, song_id, artist_id) VALUES (3, 3, 3 );
INSERT INTO accredation (accredation_id, song_id, artist_id) VALUES (133, 133, 69 );
INSERT INTO accredation (accredation_id, song_id, artist_id) VALUES (68, 68, 43 );
INSERT INTO accredation (accredation_id, song_id, artist_id) VALUES (52, 52, 29 );
INSERT INTO accredation (accredation_id, song_id, artist_id) VALUES (117, 117, 66 );
INSERT INTO accredation (accredation_id, song_id, artist_id) VALUES (101, 101, 53 );
INSERT INTO accredation (accredation_id, song_id, artist_id) VALUES (36, 36, 21 );
INSERT INTO accredation (accredation_id, song_id, artist_id) VALUES (166, 166, 87 );
INSERT INTO accredation (accredation_id, song_id, artist_id) VALUES (20, 20, 8 );
INSERT INTO accredation (accredation_id, song_id, artist_id) VALUES (102, 102, 27 );
INSERT INTO accredation (accredation_id, song_id, artist_id) VALUES (202, 202, 0 );
INSERT INTO accredation (accredation_id, song_id, artist_id) VALUES (150, 150, 79 );
INSERT INTO accredation (accredation_id, song_id, artist_id) VALUES (215, 215, 112 );
INSERT INTO accredation (accredation_id, song_id, artist_id) VALUES (85, 85, 49 );
INSERT INTO accredation (accredation_id, song_id, artist_id) VALUES (4, 4, 1 );
INSERT INTO accredation (accredation_id, song_id, artist_id) VALUES (199, 199, 101 );
INSERT INTO accredation (accredation_id, song_id, artist_id) VALUES (134, 134, 70 );
INSERT INTO accredation (accredation_id, song_id, artist_id) VALUES (183, 183, 92 );
INSERT INTO accredation (accredation_id, song_id, artist_id) VALUES (53, 53, 30 );
INSERT INTO accredation (accredation_id, song_id, artist_id) VALUES (118, 118, 66 );
INSERT INTO accredation (accredation_id, song_id, artist_id) VALUES (167, 167, 87 );
INSERT INTO accredation (accredation_id, song_id, artist_id) VALUES (37, 37, 22 );
INSERT INTO accredation (accredation_id, song_id, artist_id) VALUES (21, 21, 8 );
INSERT INTO accredation (accredation_id, song_id, artist_id) VALUES (103, 103, 27 );
INSERT INTO accredation (accredation_id, song_id, artist_id) VALUES (151, 151, 79 );
INSERT INTO accredation (accredation_id, song_id, artist_id) VALUES (216, 216, 112 );
INSERT INTO accredation (accredation_id, song_id, artist_id) VALUES (86, 86, 49 );
INSERT INTO accredation (accredation_id, song_id, artist_id) VALUES (200, 200, 102 );
INSERT INTO accredation (accredation_id, song_id, artist_id) VALUES (5, 5, 4 );
INSERT INTO accredation (accredation_id, song_id, artist_id) VALUES (135, 135, 71 );
INSERT INTO accredation (accredation_id, song_id, artist_id) VALUES (184, 184, 93 );
INSERT INTO accredation (accredation_id, song_id, artist_id) VALUES (187, 187, 0 );
INSERT INTO accredation (accredation_id, song_id, artist_id) VALUES (70, 70, 44 );
INSERT INTO accredation (accredation_id, song_id, artist_id) VALUES (54, 54, 30 );
INSERT INTO accredation (accredation_id, song_id, artist_id) VALUES (220, 220, 4 );
INSERT INTO accredation (accredation_id, song_id, artist_id) VALUES (119, 119, 66 );
INSERT INTO accredation (accredation_id, song_id, artist_id) VALUES (168, 168, 87 );
INSERT INTO accredation (accredation_id, song_id, artist_id) VALUES (38, 38, 23 );
INSERT INTO accredation (accredation_id, song_id, artist_id) VALUES (22, 22, 8 );
INSERT INTO accredation (accredation_id, song_id, artist_id) VALUES (152, 152, 79 );
INSERT INTO accredation (accredation_id, song_id, artist_id) VALUES (217, 217, 112 );
INSERT INTO accredation (accredation_id, song_id, artist_id) VALUES (87, 87, 49 );
INSERT INTO accredation (accredation_id, song_id, artist_id) VALUES (201, 201, 103 );
INSERT INTO accredation (accredation_id, song_id, artist_id) VALUES (6, 6, 5 );
INSERT INTO accredation (accredation_id, song_id, artist_id) VALUES (136, 136, 72 );
INSERT INTO accredation (accredation_id, song_id, artist_id) VALUES (185, 185, 93 );
INSERT INTO accredation (accredation_id, song_id, artist_id) VALUES (188, 188, 0 );
INSERT INTO accredation (accredation_id, song_id, artist_id) VALUES (71, 71, 44 );
INSERT INTO accredation (accredation_id, song_id, artist_id) VALUES (55, 55, 31 );
INSERT INTO accredation (accredation_id, song_id, artist_id) VALUES (120, 120, 67 );
INSERT INTO accredation (accredation_id, song_id, artist_id) VALUES (169, 169, 87 );
INSERT INTO accredation (accredation_id, song_id, artist_id) VALUES (104, 104, 55 );
INSERT INTO accredation (accredation_id, song_id, artist_id) VALUES (39, 39, 23 );
INSERT INTO accredation (accredation_id, song_id, artist_id) VALUES (23, 23, 9 );
INSERT INTO accredation (accredation_id, song_id, artist_id) VALUES (218, 218, 112 );
INSERT INTO accredation (accredation_id, song_id, artist_id) VALUES (153, 153, 80 );
INSERT INTO accredation (accredation_id, song_id, artist_id) VALUES (88, 88, 49 );
INSERT INTO accredation (accredation_id, song_id, artist_id) VALUES (7, 7, 3 );
INSERT INTO accredation (accredation_id, song_id, artist_id) VALUES (137, 137, 73 );
INSERT INTO accredation (accredation_id, song_id, artist_id) VALUES (186, 186, 94 );
INSERT INTO accredation (accredation_id, song_id, artist_id) VALUES (72, 72, 45 );
INSERT INTO accredation (accredation_id, song_id, artist_id) VALUES (222, 222, 4 );
INSERT INTO accredation (accredation_id, song_id, artist_id) VALUES (56, 56, 32 );
INSERT INTO accredation (accredation_id, song_id, artist_id) VALUES (121, 121, 67 );
INSERT INTO accredation (accredation_id, song_id, artist_id) VALUES (170, 170, 88 );
INSERT INTO accredation (accredation_id, song_id, artist_id) VALUES (105, 105, 56 );
INSERT INTO accredation (accredation_id, song_id, artist_id) VALUES (40, 40, 24 );
INSERT INTO accredation (accredation_id, song_id, artist_id) VALUES (24, 24, 10 );
INSERT INTO accredation (accredation_id, song_id, artist_id) VALUES (219, 219, 112 );
INSERT INTO accredation (accredation_id, song_id, artist_id) VALUES (154, 154, 81 );
INSERT INTO accredation (accredation_id, song_id, artist_id) VALUES (89, 89, 50 );
INSERT INTO accredation (accredation_id, song_id, artist_id) VALUES (203, 203, 104 );
INSERT INTO accredation (accredation_id, song_id, artist_id) VALUES (8, 8, 6 );
INSERT INTO accredation (accredation_id, song_id, artist_id) VALUES (156, 156, 27 );
INSERT INTO accredation (accredation_id, song_id, artist_id) VALUES (138, 138, 74 );
INSERT INTO accredation (accredation_id, song_id, artist_id) VALUES (73, 73, 45 );
INSERT INTO accredation (accredation_id, song_id, artist_id) VALUES (223, 223, 4 );
INSERT INTO accredation (accredation_id, song_id, artist_id) VALUES (57, 57, 33 );
INSERT INTO accredation (accredation_id, song_id, artist_id) VALUES (122, 122, 67 );
INSERT INTO accredation (accredation_id, song_id, artist_id) VALUES (171, 171, 88 );
INSERT INTO accredation (accredation_id, song_id, artist_id) VALUES (41, 41, 24 );
INSERT INTO accredation (accredation_id, song_id, artist_id) VALUES (106, 106, 57 );
INSERT INTO accredation (accredation_id, song_id, artist_id) VALUES (25, 25, 11 );
INSERT INTO accredation (accredation_id, song_id, artist_id) VALUES (155, 155, 82 );
INSERT INTO accredation (accredation_id, song_id, artist_id) VALUES (90, 90, 51 );
INSERT INTO accredation (accredation_id, song_id, artist_id) VALUES (139, 139, 69 );
INSERT INTO accredation (accredation_id, song_id, artist_id) VALUES (9, 9, 4 );
INSERT INTO accredation (accredation_id, song_id, artist_id) VALUES (204, 204, 105 );
INSERT INTO accredation (accredation_id, song_id, artist_id) VALUES (74, 74, 45 );
INSERT INTO accredation (accredation_id, song_id, artist_id) VALUES (58, 58, 34 );
INSERT INTO accredation (accredation_id, song_id, artist_id) VALUES (123, 123, 67 );
INSERT INTO accredation (accredation_id, song_id, artist_id) VALUES (172, 172, 89 );
INSERT INTO accredation (accredation_id, song_id, artist_id) VALUES (42, 42, 25 );
INSERT INTO accredation (accredation_id, song_id, artist_id) VALUES (107, 107, 58 );
INSERT INTO accredation (accredation_id, song_id, artist_id) VALUES (26, 26, 12 );
INSERT INTO accredation (accredation_id, song_id, artist_id) VALUES (10, 10, 1 );
INSERT INTO accredation (accredation_id, song_id, artist_id) VALUES (91, 91, 52 );
INSERT INTO accredation (accredation_id, song_id, artist_id) VALUES (140, 140, 74 );
INSERT INTO accredation (accredation_id, song_id, artist_id) VALUES (75, 75, 45 );
INSERT INTO accredation (accredation_id, song_id, artist_id) VALUES (189, 189, 95 );
INSERT INTO accredation (accredation_id, song_id, artist_id) VALUES (124, 124, 67 );
INSERT INTO accredation (accredation_id, song_id, artist_id) VALUES (59, 59, 35 );
INSERT INTO accredation (accredation_id, song_id, artist_id) VALUES (173, 173, 89 );
INSERT INTO accredation (accredation_id, song_id, artist_id) VALUES (43, 43, 26 );
INSERT INTO accredation (accredation_id, song_id, artist_id) VALUES (27, 27, 13 );
INSERT INTO accredation (accredation_id, song_id, artist_id) VALUES (92, 92, 49 );
INSERT INTO accredation (accredation_id, song_id, artist_id) VALUES (157, 157, 83 );
INSERT INTO accredation (accredation_id, song_id, artist_id) VALUES (11, 11, 7 );
INSERT INTO accredation (accredation_id, song_id, artist_id) VALUES (206, 206, 106 );
INSERT INTO accredation (accredation_id, song_id, artist_id) VALUES (141, 141, 75 );
INSERT INTO accredation (accredation_id, song_id, artist_id) VALUES (76, 76, 45 );
INSERT INTO accredation (accredation_id, song_id, artist_id) VALUES (190, 190, 96 );
INSERT INTO accredation (accredation_id, song_id, artist_id) VALUES (109, 109, 50 );
INSERT INTO accredation (accredation_id, song_id, artist_id) VALUES (125, 125, 67 );
INSERT INTO accredation (accredation_id, song_id, artist_id) VALUES (60, 60, 36 );
INSERT INTO accredation (accredation_id, song_id, artist_id) VALUES (174, 174, 89 );
INSERT INTO accredation (accredation_id, song_id, artist_id) VALUES (44, 44, 26 );
INSERT INTO accredation (accredation_id, song_id, artist_id) VALUES (177, 177, 0 );
INSERT INTO accredation (accredation_id, song_id, artist_id) VALUES (28, 28, 14 );
INSERT INTO accredation (accredation_id, song_id, artist_id) VALUES (93, 93, 49 );
INSERT INTO accredation (accredation_id, song_id, artist_id) VALUES (158, 158, 84 );
INSERT INTO accredation (accredation_id, song_id, artist_id) VALUES (12, 12, 8 );
INSERT INTO accredation (accredation_id, song_id, artist_id) VALUES (207, 207, 107 );
INSERT INTO accredation (accredation_id, song_id, artist_id) VALUES (142, 142, 75 );
INSERT INTO accredation (accredation_id, song_id, artist_id) VALUES (77, 77, 46 );
INSERT INTO accredation (accredation_id, song_id, artist_id) VALUES (191, 191, 97 );
INSERT INTO accredation (accredation_id, song_id, artist_id) VALUES (126, 126, 67 );
INSERT INTO accredation (accredation_id, song_id, artist_id) VALUES (61, 61, 37 );
INSERT INTO accredation (accredation_id, song_id, artist_id) VALUES (175, 175, 89 );
INSERT INTO accredation (accredation_id, song_id, artist_id) VALUES (110, 110, 59 );
INSERT INTO accredation (accredation_id, song_id, artist_id) VALUES (45, 45, 27 );
INSERT INTO accredation (accredation_id, song_id, artist_id) VALUES (224, 224, 113 );
INSERT INTO accredation (accredation_id, song_id, artist_id) VALUES (29, 29, 15 );
INSERT INTO accredation (accredation_id, song_id, artist_id) VALUES (94, 94, 49 );
INSERT INTO accredation (accredation_id, song_id, artist_id) VALUES (159, 159, 85 );
INSERT INTO accredation (accredation_id, song_id, artist_id) VALUES (13, 13, 8 );
INSERT INTO accredation (accredation_id, song_id, artist_id) VALUES (143, 143, 75 );
INSERT INTO accredation (accredation_id, song_id, artist_id) VALUES (208, 208, 108 );
INSERT INTO accredation (accredation_id, song_id, artist_id) VALUES (78, 78, 47 );
INSERT INTO accredation (accredation_id, song_id, artist_id) VALUES (192, 192, 97 );
INSERT INTO accredation (accredation_id, song_id, artist_id) VALUES (127, 127, 67 );
INSERT INTO accredation (accredation_id, song_id, artist_id) VALUES (62, 62, 38 );
INSERT INTO accredation (accredation_id, song_id, artist_id) VALUES (178, 178, 27 );
INSERT INTO accredation (accredation_id, song_id, artist_id) VALUES (176, 176, 90 );
INSERT INTO accredation (accredation_id, song_id, artist_id) VALUES (46, 46, 27 );
INSERT INTO accredation (accredation_id, song_id, artist_id) VALUES (111, 111, 60 );
INSERT INTO accredation (accredation_id, song_id, artist_id) VALUES (30, 30, 16 );
INSERT INTO accredation (accredation_id, song_id, artist_id) VALUES (95, 95, 49 );
INSERT INTO accredation (accredation_id, song_id, artist_id) VALUES (160, 160, 83 );
INSERT INTO accredation (accredation_id, song_id, artist_id) VALUES (162, 162, 27 );
INSERT INTO accredation (accredation_id, song_id, artist_id) VALUES (14, 14, 8 );
INSERT INTO accredation (accredation_id, song_id, artist_id) VALUES (144, 144, 75 );
INSERT INTO accredation (accredation_id, song_id, artist_id) VALUES (209, 209, 109 );
INSERT INTO accredation (accredation_id, song_id, artist_id) VALUES (79, 79, 48 );
INSERT INTO accredation (accredation_id, song_id, artist_id) VALUES (193, 193, 98 );
INSERT INTO accredation (accredation_id, song_id, artist_id) VALUES (128, 128, 67 );
INSERT INTO accredation (accredation_id, song_id, artist_id) VALUES (63, 63, 39 );
INSERT INTO accredation (accredation_id, song_id, artist_id) VALUES (47, 47, 27 );
INSERT INTO accredation (accredation_id, song_id, artist_id) VALUES (112, 112, 61 );
INSERT INTO accredation (accredation_id, song_id, artist_id) VALUES (31, 31, 17 );
INSERT INTO accredation (accredation_id, song_id, artist_id) VALUES (161, 161, 83 );
INSERT INTO accredation (accredation_id, song_id, artist_id) VALUES (96, 96, 53 );
INSERT INTO accredation (accredation_id, song_id, artist_id) VALUES (196, 196, 27 );
INSERT INTO accredation (accredation_id, song_id, artist_id) VALUES (15, 15, 8 );
INSERT INTO accredation (accredation_id, song_id, artist_id) VALUES (145, 145, 76 );
INSERT INTO accredation (accredation_id, song_id, artist_id) VALUES (80, 80, 48 );
INSERT INTO accredation (accredation_id, song_id, artist_id) VALUES (194, 194, 99 );
INSERT INTO accredation (accredation_id, song_id, artist_id) VALUES (129, 129, 67 );
INSERT INTO accredation (accredation_id, song_id, artist_id) VALUES (64, 64, 40 );
INSERT INTO accredation (accredation_id, song_id, artist_id) VALUES (48, 48, 28 );
INSERT INTO accredation (accredation_id, song_id, artist_id) VALUES (113, 113, 62 );
INSERT INTO accredation (accredation_id, song_id, artist_id) VALUES (32, 32, 18 );
INSERT INTO accredation (accredation_id, song_id, artist_id) VALUES (97, 97, 53 );
INSERT INTO accredation (accredation_id, song_id, artist_id) VALUES (163, 163, 56 );
INSERT INTO accredation (accredation_id, song_id, artist_id) VALUES (16, 16, 8 );
INSERT INTO accredation (accredation_id, song_id, artist_id) VALUES (195, 195, 91 );
INSERT INTO accredation (accredation_id, song_id, artist_id) VALUES (98, 98, 27 );
INSERT INTO accredation (accredation_id, song_id, artist_id) VALUES (146, 146, 77 );
INSERT INTO accredation (accredation_id, song_id, artist_id) VALUES (211, 211, 110 );
INSERT INTO accredation (accredation_id, song_id, artist_id) VALUES (81, 81, 48 );
INSERT INTO accredation (accredation_id, song_id, artist_id) VALUES (0, 0, 0 );
INSERT INTO accredation (accredation_id, song_id, artist_id) VALUES (130, 130, 67 );
INSERT INTO accredation (accredation_id, song_id, artist_id) VALUES (65, 65, 41 );
INSERT INTO accredation (accredation_id, song_id, artist_id) VALUES (179, 179, 91 );
INSERT INTO accredation (accredation_id, song_id, artist_id) VALUES (49, 49, 29 );
INSERT INTO accredation (accredation_id, song_id, artist_id) VALUES (114, 114, 63 );
INSERT INTO accredation (accredation_id, song_id, artist_id) VALUES (33, 33, 18 );
INSERT INTO accredation (accredation_id, song_id, artist_id) VALUES (17, 17, 8 );
INSERT INTO accredation (accredation_id, song_id, artist_id) VALUES (99, 99, 27 );
INSERT INTO accredation (accredation_id, song_id, artist_id) VALUES (147, 147, 77 );
INSERT INTO accredation (accredation_id, song_id, artist_id) VALUES (212, 212, 111 );
INSERT INTO accredation (accredation_id, song_id, artist_id) VALUES (82, 82, 48 );
INSERT INTO accredation (accredation_id, song_id, artist_id) VALUES (1, 1, 1 );
INSERT INTO accredation (accredation_id, song_id, artist_id) VALUES (131, 131, 67 );
INSERT INTO accredation (accredation_id, song_id, artist_id) VALUES (66, 66, 41 );
INSERT INTO accredation (accredation_id, song_id, artist_id) VALUES (180, 180, 91 );
INSERT INTO accredation (accredation_id, song_id, artist_id) VALUES (149, 149, 29 );
INSERT INTO accredation (accredation_id, song_id, artist_id) VALUES (50, 50, 29 );
INSERT INTO accredation (accredation_id, song_id, artist_id) VALUES (115, 115, 64 );
INSERT INTO accredation (accredation_id, song_id, artist_id) VALUES (198, 198, 54 );
INSERT INTO accredation (accredation_id, song_id, artist_id) VALUES (34, 34, 19 );
INSERT INTO accredation (accredation_id, song_id, artist_id) VALUES (164, 164, 86 );
INSERT INTO accredation (accredation_id, song_id, artist_id) VALUES (18, 18, 8 );
INSERT INTO accredation (accredation_id, song_id, artist_id) VALUES (148, 148, 78 );
INSERT INTO accredation (accredation_id, song_id, artist_id) VALUES (213, 213, 112 );
INSERT INTO accredation (accredation_id, song_id, artist_id) VALUES (83, 83, 48 );
-- SUMMARY --
-- Extracted a total of 114 artists, 149 albums, 220 songs, 20 playlists, 225 existences, and 220 accreditations.
